-- phpMyAdmin SQL Dump
-- version 4.0.10.14
-- http://www.phpmyadmin.net
--
-- Servidor: localhost:3306
-- Tiempo de generación: 12-10-2016 a las 20:44:21
-- Versión del servidor: 5.5.49-cll-lve
-- Versión de PHP: 5.6.20

SET SQL_MODE = "NO_AUTO_VALUE_ON_ZERO";
SET time_zone = "+00:00";


/*!40101 SET @OLD_CHARACTER_SET_CLIENT=@@CHARACTER_SET_CLIENT */;
/*!40101 SET @OLD_CHARACTER_SET_RESULTS=@@CHARACTER_SET_RESULTS */;
/*!40101 SET @OLD_COLLATION_CONNECTION=@@COLLATION_CONNECTION */;
/*!40101 SET NAMES utf8 */;

--
-- Base de datos: `namuhdb`
--

-- --------------------------------------------------------

--
-- Estructura de tabla para la tabla `albums_postales`
--

CREATE TABLE IF NOT EXISTS `albums_postales` (
  `id_albums_postales` int(11) NOT NULL AUTO_INCREMENT,
  `nombre_album` text,
  `caratula_album` text,
  PRIMARY KEY (`id_albums_postales`)
) ENGINE=MyISAM DEFAULT CHARSET=latin1 AUTO_INCREMENT=1 ;

-- --------------------------------------------------------

--
-- Estructura de tabla para la tabla `artistas`
--

CREATE TABLE IF NOT EXISTS `artistas` (
  `id_artista` int(11) NOT NULL AUTO_INCREMENT,
  `nombreCompleto` varchar(500) DEFAULT NULL,
  `nombre_galeria` varchar(500) DEFAULT NULL,
  `biografia` text,
  `descripcion` text,
  `estado_artista` int(11) DEFAULT NULL,
  PRIMARY KEY (`id_artista`)
) ENGINE=InnoDB DEFAULT CHARSET=latin1 AUTO_INCREMENT=1 ;

-- --------------------------------------------------------

--
-- Estructura de tabla para la tabla `categorias`
--

CREATE TABLE IF NOT EXISTS `categorias` (
  `id_categorias` int(11) NOT NULL AUTO_INCREMENT,
  `categoria` varchar(500) DEFAULT NULL,
  `descripcion` text,
  `estado` int(11) DEFAULT NULL,
  PRIMARY KEY (`id_categorias`)
) ENGINE=InnoDB  DEFAULT CHARSET=latin1 AUTO_INCREMENT=14 ;

--
-- Volcado de datos para la tabla `categorias`
--

INSERT INTO `categorias` (`id_categorias`, `categoria`, `descripcion`, `estado`) VALUES
(1, 'SALA\r', NULL, 2),
(2, 'COMEDOR\r', NULL, 2),
(3, 'RECÁMARA\r', NULL, 2),
(4, 'ILUMINACIÓN\r', NULL, 2),
(5, 'TAPETES\r', NULL, 2),
(6, 'TEXTIL\r', NULL, 2),
(7, 'DECOR\r', NULL, 2),
(8, 'PIEZAS UNICAS\r', NULL, 2),
(9, 'MUSEO NAMUH\r', NULL, 2),
(10, 'ESTUDIO', NULL, 1),
(11, 'EXTERIOR\r', NULL, 2),
(12, 'ARQUITECTONICO\r', NULL, 1),
(13, 'ASIENTO', '<p>\r\n	SILLAS Y BANCOS</p>\r\n', 2);

-- --------------------------------------------------------

--
-- Estructura de tabla para la tabla `estados`
--

CREATE TABLE IF NOT EXISTS `estados` (
  `id_estado` int(11) NOT NULL AUTO_INCREMENT,
  `estado` varchar(45) DEFAULT NULL,
  PRIMARY KEY (`id_estado`)
) ENGINE=InnoDB  DEFAULT CHARSET=latin1 AUTO_INCREMENT=4 ;

--
-- Volcado de datos para la tabla `estados`
--

INSERT INTO `estados` (`id_estado`, `estado`) VALUES
(1, 'Inactivo'),
(2, 'Activo'),
(3, 'Eliminado');

-- --------------------------------------------------------

--
-- Estructura de tabla para la tabla `galeria_artistas`
--

CREATE TABLE IF NOT EXISTS `galeria_artistas` (
  `id_galeria_artista` int(11) NOT NULL AUTO_INCREMENT,
  `id_artista` int(11) DEFAULT NULL,
  `foto_ruta` text,
  `detalles` text,
  `estado_galeria_artista` int(11) DEFAULT NULL,
  PRIMARY KEY (`id_galeria_artista`)
) ENGINE=InnoDB DEFAULT CHARSET=latin1 AUTO_INCREMENT=1 ;

-- --------------------------------------------------------

--
-- Estructura de tabla para la tabla `galeria_productos`
--

CREATE TABLE IF NOT EXISTS `galeria_productos` (
  `id_galeriaproductos` int(11) NOT NULL AUTO_INCREMENT,
  `id_producto` int(11) DEFAULT NULL,
  `ruta_foto` text,
  PRIMARY KEY (`id_galeriaproductos`)
) ENGINE=InnoDB DEFAULT CHARSET=latin1 AUTO_INCREMENT=1 ;

-- --------------------------------------------------------

--
-- Estructura de tabla para la tabla `grupos`
--

CREATE TABLE IF NOT EXISTS `grupos` (
  `id_grupo` int(11) NOT NULL AUTO_INCREMENT,
  `grupo` varchar(500) DEFAULT NULL,
  `descripcion` text,
  `id_categoria` int(11) DEFAULT NULL,
  `estado` int(11) DEFAULT NULL,
  PRIMARY KEY (`id_grupo`)
) ENGINE=InnoDB  DEFAULT CHARSET=latin1 AUTO_INCREMENT=73 ;

--
-- Volcado de datos para la tabla `grupos`
--

INSERT INTO `grupos` (`id_grupo`, `grupo`, `descripcion`, `id_categoria`, `estado`) VALUES
(1, 'MESAS', '', 1, 2),
(2, 'SILLAS OCASIONALES', NULL, 1, 1),
(3, 'CONSOLAS', '', 1, 2),
(4, 'SOFAS', '', 1, 2),
(5, 'GABINETES', '', 1, 2),
(6, 'LIBREROS', '', 1, 2),
(7, 'SILLAS', NULL, 13, 2),
(8, 'BANCOS', '', 2, 2),
(9, 'BANCAS', NULL, 2, 1),
(10, 'MESAS', '', 2, 2),
(11, 'BUFET', '', 2, 2),
(12, 'TABLEWARE', '', 2, 2),
(13, 'CANTINA', NULL, 2, 1),
(14, 'CABECERA', NULL, 3, 1),
(15, 'BURÓ', '', 3, 2),
(16, 'PIECERA', NULL, 3, 1),
(17, 'ASIENTO', '', 3, 2),
(18, 'MESA AUXILIAR', '', 3, 2),
(19, 'ESPEJOS', '', 3, 2),
(20, 'PISO', '', 4, 2),
(21, 'TECHO', '', 4, 2),
(22, 'PARED', '', 4, 2),
(23, 'MESA', '', 4, 2),
(24, 'BOMBILLAS VINTAGE', NULL, 4, 1),
(25, 'VELA', NULL, 4, 1),
(26, 'HECHO A MANO', NULL, 5, 1),
(27, 'YUTE', '', 5, 2),
(28, 'LONA', NULL, 5, 1),
(29, 'NOMADAS', NULL, 5, 1),
(30, 'PIEL', '', 5, 2),
(31, 'FUNDA', '', 6, 2),
(32, 'COJIN', '', 6, 2),
(33, 'CAMINO DE MESA', '', 6, 2),
(34, 'ROPA DE CAMA', '', 6, 2),
(35, 'CRISTALERÍA', '', 7, 2),
(36, 'ESPEJOS', '', 7, 2),
(37, 'VELAS', '', 7, 2),
(38, 'ACCESORIOS', '', 7, 2),
(39, 'BUFET', '', 8, 2),
(40, 'MESA', '', 8, 2),
(41, 'BAUL', NULL, 8, 1),
(42, 'SILLA', NULL, 8, 1),
(43, 'GABINETE', NULL, 8, 1),
(44, 'CAMARA', NULL, 9, 1),
(45, 'CAJA FUERTE', NULL, 9, 1),
(46, 'TORA', NULL, 9, 1),
(47, 'ESCRITORIO', '', 10, 2),
(48, 'SILLAS', NULL, 10, 1),
(49, 'LIBREROS', '', 10, 2),
(50, 'MESA LATERAL', '', 10, 2),
(51, 'ACCESORIOS', '', 10, 2),
(52, 'MESAS', '', 11, 2),
(53, 'SILLA', NULL, 11, 1),
(54, 'SALA', NULL, 11, 1),
(55, 'ACCESORIOS', '', 11, 2),
(56, 'BANCAS', '', 11, 2),
(65, 'LANA', NULL, 5, 2),
(66, 'CAMAS PARA PERRO', NULL, 11, 2),
(67, 'PUFF', NULL, 11, 2),
(68, 'CUBIERTAS', NULL, 11, 2),
(69, 'CANDILES', NULL, 4, 2),
(70, 'SILLONES', '<p>\r\n	Sillones</p>\r\n', 1, 2),
(71, 'CANDELABROS', '<p>\r\n	Candelabros</p>\r\n', 7, 2),
(72, 'BANCOS', NULL, 13, 2);

-- --------------------------------------------------------

--
-- Estructura de tabla para la tabla `imagenes_postales`
--

CREATE TABLE IF NOT EXISTS `imagenes_postales` (
  `id_imagenes_postales` int(11) NOT NULL AUTO_INCREMENT,
  `pie_foto` text NOT NULL,
  `id_album` int(11) NOT NULL,
  `ruta_imagen` text NOT NULL,
  `estado_imagen` int(11) NOT NULL,
  PRIMARY KEY (`id_imagenes_postales`)
) ENGINE=MyISAM DEFAULT CHARSET=latin1 AUTO_INCREMENT=1 ;

-- --------------------------------------------------------

--
-- Estructura de tabla para la tabla `namuhdb_usuarios`
--

CREATE TABLE IF NOT EXISTS `namuhdb_usuarios` (
  `id_usuario` int(11) NOT NULL AUTO_INCREMENT,
  `nombre` varchar(450) COLLATE utf8_spanish_ci DEFAULT NULL,
  `ap_paterno` varchar(450) COLLATE utf8_spanish_ci DEFAULT NULL,
  `ap_materno` varchar(450) COLLATE utf8_spanish_ci DEFAULT NULL,
  `correo` varchar(450) COLLATE utf8_spanish_ci DEFAULT NULL,
  `password` varchar(300) COLLATE utf8_spanish_ci DEFAULT NULL,
  `username` varchar(400) COLLATE utf8_spanish_ci DEFAULT NULL,
  `telefono` varchar(250) COLLATE utf8_spanish_ci DEFAULT NULL,
  `direccion` varchar(300) COLLATE utf8_spanish_ci DEFAULT NULL,
  `estado_usuario` int(11) DEFAULT NULL,
  `tipo_usuario` int(11) DEFAULT NULL,
  `passwordTemp` text COLLATE utf8_spanish_ci,
  `fecha` datetime NOT NULL,
  `foto_perfil` text COLLATE utf8_spanish_ci,
  PRIMARY KEY (`id_usuario`)
) ENGINE=InnoDB  DEFAULT CHARSET=utf8 COLLATE=utf8_spanish_ci AUTO_INCREMENT=565 ;

--
-- Volcado de datos para la tabla `namuhdb_usuarios`
--

INSERT INTO `namuhdb_usuarios` (`id_usuario`, `nombre`, `ap_paterno`, `ap_materno`, `correo`, `password`, `username`, `telefono`, `direccion`, `estado_usuario`, `tipo_usuario`, `passwordTemp`, `fecha`, `foto_perfil`) VALUES
(1, 'Administrador', 'admin', 'admin', 'info@namuhmex.com', '72be855615bfc86589f49d0767378f081784ffb28d06cb658368754c9d9e3218', 'admin', NULL, NULL, 1, 0, NULL, '0000-00-00 00:00:00', 'croppedImg_304502696.jpeg'),
(2, 'JL', 'ROMERO', 'CRUZ', 'cruz@cerbero.com.mx', '1b7c4d5c317011f49415cdd72d39eaaa1d9a1869ed3c5b245ab648351b7c6e95', 'JL_CRUZ', '4421478322', 'Querétaro #26 Col. San José de los Olvera', 1, 2, '', '0000-00-00 00:00:00', 'croppedImg_1382491152.jpeg'),
(3, 'Blair', 'Richardson', 'Ninguno', 'blair@littlemulestudio.com', '5dd8c8a4ea7bff67843c14dda6c5b6911f2e56fdeaef6a2e14e03356c688b5c4', 'Blair', '5543900939', NULL, 1, 2, NULL, '0000-00-00 00:00:00', NULL),
(4, 'Iris ', 'Huerta', 'Rodriguez', 'irishurod@hotmail.com', '146e42564fd339ff7d63919bb404f553df27c0c433debad785a628d8f3373e14', 'Irlanda', '492 161 07 43', NULL, 1, 2, NULL, '0000-00-00 00:00:00', NULL),
(5, 'rosana', 'duron', 'schwarzbeck', 'rosana_duron@hotmail.com', '0ff3820ff018440ba253116379fe8c0140fffac47d8a1a688c7e792316745d8b', 'ROSANA DURON', '6449988098', NULL, 1, 2, NULL, '0000-00-00 00:00:00', NULL),
(6, 'Marina', 'Lowe', 'Baginsky', 'mybagins@hotmail.com', '4d07f8fbc9d9f76ba1616331b509639c8c578ee1488822bf70a7d4d3e0f2c90d', 'mybagins', '0018015211717', NULL, 1, 2, NULL, '0000-00-00 00:00:00', NULL),
(7, 'Alejandra', 'Suárez ', 'Cervantes ', 'as@cuaik.com', '2837ec783151601d79b4de1de5c7dba66843786abeadee8790bf5126e9eb8308', 'Alesuce ', '5533319644', NULL, 1, 2, NULL, '0000-00-00 00:00:00', NULL),
(8, 'Itzel', 'Berber', 'Hidalgo', 'itzel@aoma.mx', '6ee6e258b307ab2f454a08dc83b5e8fa099fce79be1aad4ede4991730e76d40e', 'itzelb ', '8120000379', NULL, 1, 2, NULL, '0000-00-00 00:00:00', NULL),
(9, 'Brenda', 'Junco', 'Patrón', 'brendajunco@hotmail.com', '2248adbca6bfa261e53ffcab5242e3e79a63f5d1a58678f8f2a3f148b087f6f0', 'Brenda', '8113360149', NULL, 1, 2, NULL, '0000-00-00 00:00:00', NULL),
(10, 'sandra', 'márquez', 'buenrostro', 'marquezbuenrostro@gmail.com', 'da9f77be142cae408f15a6859368d891fbb6b7e12b516601adcae1f8d9ff3efa', 'sandramarquez', '3333683817', NULL, 1, 2, NULL, '0000-00-00 00:00:00', NULL),
(11, 'Steve', 'Straughan', 'Brentlinger', 'steves@kaadesigngroup.com', '17982d0ab378b546381700798e9485c29dacb15c0975f7be0121900128ee6039', '237Bombay', '310-612-6850', NULL, 1, 2, NULL, '0000-00-00 00:00:00', NULL),
(12, 'Zeus', 'Quezada', 'Quezada', 'zeuspqu@gmail.com', '5ae6025ee5ca4aa22c7d955b0fe182802d66610262f2f0c22dd9153b617cb448', '1234', '4421592756', NULL, 1, 2, NULL, '0000-00-00 00:00:00', NULL),
(13, 'Ana ', 'González', 'Gutiérrez', 'anacri_2@hotmail.com', 'c7ab03ce0535d43f67ca0dcd0218177528cc29fe758c98be48e386581ed112c1', 'ACGG', '52907870', NULL, 1, 2, NULL, '0000-00-00 00:00:00', NULL),
(14, 'Roger', 'González', 'Escalante', 'rglez_oficina@hotmail.com', 'd31bc0848caf48d376bcdedd2d0cfc25965eda9ca6547d66aada66692074a81d', 'rochglez', '9992899104', NULL, 1, 2, NULL, '0000-00-00 00:00:00', NULL),
(15, 'Fernando', 'Zabal', 'Cerdeira', 'fernando@zabal.com.mx', '94f42e0e0ca1bab20b1dc10b00a054c566738ccb6f70575dc52586b3797de241', 'fzabal', '5538175828', NULL, 1, 2, NULL, '0000-00-00 00:00:00', NULL),
(16, 'ANA SOFIA', 'REYES RETANA', 'COBO', 'anasofiarrc@gmail.com', '774ddbfdf3b41b396554d193e9aa349461fce75f1874faf10e09163206fe79e5', 'anasofiarrc', '5585302577', NULL, 1, 2, NULL, '0000-00-00 00:00:00', NULL),
(17, 'Pablo', 'Alvarez', 'Guerrero', 'pablo_alvarezus@yahoo.com', 'bd4fc59b992e6659bfc679989d1c60ed604f22592498ea780e251d0e4c5b58af', 'pablo_alvarezus', '5527372441', NULL, 1, 2, NULL, '0000-00-00 00:00:00', NULL),
(18, 'Regina', 'Escalante', 'Conde', 'regescal@me.com', 'ded77513b8819c204fcadc478b9643627d89619146b75573d83b811e71c4d197', 'regescal', '5551058894', NULL, 1, 2, NULL, '0000-00-00 00:00:00', NULL),
(19, 'MIguel ', 'Juárez', 'Arriaga', 'miguelangelj44@gmail.com', '5dcf8e3381b572d3904ae8a2f4b5e99c07bdb99f0ff47e6e9fdcf9ccf0f1c5a9', 'legnamike', '5521312760', NULL, 1, 2, NULL, '0000-00-00 00:00:00', NULL),
(20, 'Maggy', 'Sutton', 'Hamui', 'maggysu@yahoo.com', '68816246fc86f968e6582ec466189071e5598f473ff5a11ec32dc04d2c6712f9', 'Maggysu', '10857760', NULL, 1, 2, NULL, '0000-00-00 00:00:00', NULL),
(21, 'paulina ', 'carach', 'de alba', 'paulinacarcach@gmail.com', 'c8a3d3b130aa5102c19bee35072ebbfd7d77f8e3930092dd8ff4cc8f5d791be8', 'paulinacarcach', '4155964365', NULL, 1, 2, NULL, '0000-00-00 00:00:00', NULL),
(22, 'Abigail Esmeralda', 'Velázquez ', 'Fábila', 'gosickfate@gmail.com', 'c00f22751a8915e6b746a268d36da75b3a959cecac4f64ebfbf3f70daa4e70f5', 'Esmeralda', '5545357458', NULL, 1, 2, '', '0000-00-00 00:00:00', NULL),
(23, 'Katia Yesenia ', 'Olivares', 'Madrigal', 'arquitectura@arte-escarlata.com.mx', 'b02f01b7cac84dfd84f9dff210eef2d57f3acea1a1ce462a0fdbd5f5e9e758f7', 'arte escarlata', '3336412538', NULL, 1, 2, NULL, '0000-00-00 00:00:00', NULL),
(24, 'Olga', 'Hanono', 'Hilu', 'fatima@studiocds.com.mx', '03fa2e3330d9d0d262518cebb0fdb680e74d902b73fe0f07358b25422e11c7d9', 'cchic', '52021021', NULL, 1, 2, NULL, '0000-00-00 00:00:00', NULL),
(25, 'REVERSIBLE ', 'DESING', 'LEON', 'reversibledesingleon@gmail.com', '198c38095365be2399720cadb1a33b708e08bae88e49e12b3cb7ef0e0653c250', 'REVERSIBLEDESIGN', '7178179', NULL, 1, 2, NULL, '0000-00-00 00:00:00', NULL),
(26, 'ESTEFANIA', 'SILVA', 'MORALES', 'fanysilmor@gmail.com', '762d4d4456b04897693c235051635ef7e15bbd4bfb88fddf59f48b3f8e997b87', 'FANYSILMOR', '4771169966', NULL, 1, 2, '', '0000-00-00 00:00:00', NULL),
(27, 'MARIO', 'OCHOA', 'MILLAN', '8amaom@gmail.com', '688e40a9c80b3163b3a60685156cf397dbe0aae18eff59c65b752432471e1fc4', '8AMAOM', '2223547174', NULL, 1, 2, '', '0000-00-00 00:00:00', NULL),
(28, 'Isaac ', 'Avila ', 'García ', 'iskavila@gmail.com', '0e578a1ad3dd69def3654c8bcb9a7fc9ec6786508cb334c2a926ca4243bc73a8', 'iskavila', '5547962216', NULL, 1, 2, '', '0000-00-00 00:00:00', NULL),
(29, 'monika ', 'wolff', 'michaus', 'monika_arozarena@prodigy.net.mx', 'f6ddc3e9a022af1b0de48fd0dbeb7ec454a030ca46faae33478ec2c79408ac31', 'monika wolff', '011525521631241', NULL, 1, 2, '', '0000-00-00 00:00:00', NULL),
(30, 'Jose Maria', 'Gaona', 'Cruz', 'jmgaona@arquivolta.mx', '9a0814deabe3ca14b3d6e125c6df998738c75de41af0ea76b6a3f93ea0467fcd', 'jmgaona', '5514742066', NULL, 1, 2, NULL, '0000-00-00 00:00:00', NULL),
(31, 'Jose Maria', 'Gaona', 'Cruz', 'jose.gaona.arq@gmail.com', '9a0814deabe3ca14b3d6e125c6df998738c75de41af0ea76b6a3f93ea0467fcd', 'jmgaona', '5514742066', NULL, 1, 2, NULL, '0000-00-00 00:00:00', NULL),
(32, 'ANA ISABEL', 'SUAREZ', 'VERAZA', 'anaisabel_suarez9@hotmail.com', '84c52c957d7eaf5ae48bf7b3d43797761b07c771a752c77a5d27aca16bc1b326', 'Ana Isabel', '4423560030', NULL, 1, 2, NULL, '0000-00-00 00:00:00', NULL),
(33, 'Kim', 'Cabeke', 'Rubio', 'kim_crubio@hotmail.com', 'a544bc2a1cc43a69f6940797d8a5ddb31ccd72be273dd5b28c698b65e048396b', 'KimCrubio', '55952236', NULL, 1, 2, NULL, '0000-00-00 00:00:00', NULL),
(34, 'Shelley', 'Farrell', 'Farrell', 'shelley@07studios.com', '6be815376cee8a6a3088d48da58da3a4b55212d73d102bf689932ec215e61228', '5103030832', '001.415.890.4834', NULL, 1, 2, NULL, '0000-00-00 00:00:00', NULL),
(35, 'jaime', 'pesquera', 'olalde', 'jaimepesquera@hotmail.com', '51dafecd239e440b45fd031aba6f0332c62b1ebab5a884552bc8bab47dce2578', 'nabooka01', '4611148445', NULL, 1, 2, NULL, '0000-00-00 00:00:00', NULL),
(36, 'Anaid ', 'Aguirre', 'Gonzaléz', 'anaidaguiregonzalez@gmail.com', 'b81b5e9451536b267b8c646bed5edd6ad5e2cca199b4657cea33b731bc06f229', 'Anaid Aguirre ', '3338091406', NULL, 1, 2, NULL, '0000-00-00 00:00:00', NULL),
(37, 'Mariana', 'Chavez', 'de Alba Rulfo', 'maricha_24@hotmail.com', 'eea9e1a48b54b4ba380d54bcbd8a0457dd4bc2a988e20b38394150a77655976f', 'marianachvz', '3336403021', NULL, 1, 2, NULL, '0000-00-00 00:00:00', NULL),
(38, 'Mariana', 'Chavez', 'de Alba Rulfo', 'marianainteriorismo@gmail.com', 'eea9e1a48b54b4ba380d54bcbd8a0457dd4bc2a988e20b38394150a77655976f', 'marianachvz', '3336403021', NULL, 1, 2, NULL, '0000-00-00 00:00:00', NULL),
(39, 'Sofia ', 'Mendel', 'Cordero', 'mendel8sof@hotmail.com', 'e0c2e48ec8346d385527875069eb3e0cb2c38fc8d0bdfdc401c8dec485697c25', 'Sofia', '6982200', NULL, 1, 2, NULL, '0000-00-00 00:00:00', NULL),
(40, 'MARIAJOSE', 'CARRILLO', 'URTEAGA', 'alquimia.mariajose@gmail.com', 'fdea613a8db656177aefe35a9333e384e8236719d3206a907357ffc328a7d23e', 'alquimiahomedecor', '4777524709', NULL, 1, 2, '', '0000-00-00 00:00:00', NULL),
(41, 'Gueigzee ', 'ibarra', 'hernandez', 'guiegzee.ibarra@gmail.com', 'b64455b6d2c35307390f43641298f70068de62d2513c5d23168fa4e146c97f45', 'guiegzee_ibarra', '3335701079', NULL, 1, 2, NULL, '0000-00-00 00:00:00', NULL),
(42, 'Guiegzee', 'ibarra', 'hernandez', 'produccionhbm@karencollignon.com.mx', 'b64455b6d2c35307390f43641298f70068de62d2513c5d23168fa4e146c97f45', 'guiegzee_ibarra', '3335701079', NULL, 1, 2, NULL, '0000-00-00 00:00:00', NULL),
(43, 'monica', 'rivera torres', 'sagarena', 'mrt@cuaik.com', 'aeb0872574ff4e4403bf1a1905907abd8e227967895f66d9efa0974bf7d85e91', 'monirt ', '5522703333', NULL, 1, 2, NULL, '0000-00-00 00:00:00', NULL),
(44, 'Lourdes ', 'Macias', 'Dueñas', 'Lourdesdecoraciones@yahoo.com.mx', '80eeff4809c034abedc21cb0b1285000b06af961d388012b4f51299d186914a0', 'Lourdesdecoraciones', '3338132650', NULL, 1, 2, '', '0000-00-00 00:00:00', NULL),
(45, 'Luis ', 'Luna', 'Bermudez', 'luis.luna@namuhmex.com', '90b675a9e494bd9e974f52514f07102dd73adc24ce893207b39cfaf34ce39a70', 'luisfluna', '4151535196', NULL, 1, 2, '', '0000-00-00 00:00:00', NULL),
(46, 'David Alejandro', 'Tapia ', 'Aguilar', 'david.tapiaaguilar@gmail.com', '35933ddb134cdc3eef1fc89e3c23f31b8ae82e901b4ed5c6a66a11d600729aa6', 'dtapia', '9981525343', NULL, 1, 2, NULL, '0000-00-00 00:00:00', NULL),
(47, 'Erk', 'Wiechers', 'Pérez de Ovando', 'elwiechers@yahoo.com', '681a3eb28b087bae1429b8cb20ded87b8c65bda8f0d0a9182ab9c2728a66b279', 'elwiechers', '5525590955', NULL, 1, 2, NULL, '0000-00-00 00:00:00', NULL),
(48, 'Sergio', 'Barron', 'A. del C.', 'checobarron@co-ta.mx', '62d93f55beeb8f852fbc3d84e54ea6cb821d8251a214976c0b3ff50985e926a7', 'checobarronal', '5561147510', NULL, 1, 2, NULL, '0000-00-00 00:00:00', NULL),
(49, 'Anna', 'Martinez', 'Rico', 'annarosamtz@gmail.com', '9cd6d5fa8da9bf63187220235da8fdaa53ee0bde4546d36df9b9ba35198e3b7d', 'Annamartinez', '5527628675', NULL, 1, 2, NULL, '0000-00-00 00:00:00', NULL),
(50, 'Isaac', 'DL', 'M', 'saco8_12@hotmail.com', 'f6fa9fc5fd3506029e7487763432d754f3bc1b13cf832f8d6c63e8e1df77ef55', 'Isaac DL', '5', NULL, 1, 2, NULL, '0000-00-00 00:00:00', NULL),
(51, 'ANA LETICIA', 'CUELLAR', 'CUELLAR', 'anacuellar29@hotmail.com', 'a188807a4c66777a266888d54b14aa12c5961f3c0d48d52c02021da5335f2a93', 'ANA LETICIA CUELLAR', '46226775', NULL, 1, 2, '795850fac32737ea85971537247b64cd', '0000-00-00 00:00:00', NULL),
(52, 'erendira yazmin', 'rodriguez ', 'miceli', 'ereyrick@gmail.com', '5e451c8e88ae2c9c482fd00bb143e5b173928ddb17d422724e4f1f75f9f687c1', 'erendira yazmin rodriguez ', '19615793971', NULL, 1, 2, NULL, '0000-00-00 00:00:00', NULL),
(53, 'Miguel', 'Chavez', 'Montoya', 'taller@victoriaplasencia.com', '5353894db738315e3d094b8bea7f729bc31d4776c89d7da160815f89fced43f0', 'Miguel Chavez', '3319765296', NULL, 1, 2, NULL, '0000-00-00 00:00:00', NULL),
(54, 'Gabriela', 'Mondragon', 'Quiroga', 'gmondragon@sma.com.mx', '3519e62a3598f7b5b8bd4beb818d9d54ee88f741578bfec260bec4768f245e30', 'Gabriela Mondragon', '5563613635', NULL, 1, 2, NULL, '0000-00-00 00:00:00', NULL),
(55, 'Julian', 'Tapia', 'Martinez', 'jjulian_tapia@hotmail.com', '2e402b4f94b66335c2622466f72de42f418dfc66b019e231dc790a9c1fdfe2e2', 'Julian Tapia', '4771398792', NULL, 1, 2, NULL, '0000-00-00 00:00:00', NULL),
(56, 'Fernanda ', 'Salamanca', 'Rubio', 'f.salamanca.rubio@gmail.com', '1b210b40ece238b2178f8cf827fc7bd15edd56e2dfa434d593f9da8b63cca4b2', 'Fernanda  Salamanca', '5512465471', NULL, 1, 2, 'a3f0a27c622d132da4dcf3bfa35b4895', '0000-00-00 00:00:00', NULL),
(57, 'fernando', 'Cruz', 'Garcia', 'fernandocruzg68@hotmail.com', '3debb6b089be1b9b13e062fd6c06e91654d7edad571cb5205e507a9d179b9a51', 'fernando Cruz', '5539555464', NULL, 1, 2, NULL, '0000-00-00 00:00:00', NULL),
(58, 'Daniela', 'Palazuelos', 'I', 'danypalazuelos@gmail.com', '286f2a2b52c39f4ce0580e0fb002847fd659d8bafcf31fcb8661b35ba67fd198', 'Daniela Palazuelos', '8183382805', NULL, 1, 2, NULL, '0000-00-00 00:00:00', NULL),
(59, 'Silvia', 'Almanza', 'Marquez', 'salmanzam@gmail.com', '3d6a7928c17308a2fce786ea94038d68e65f4b133f3f22f5eda141e4dd7e5776', 'Silvia Almanza', '5556554357', NULL, 1, 2, NULL, '0000-00-00 00:00:00', NULL),
(60, 'Ramon', 'Bravo', 'H', 'ramonbravo008@gmail.com', 'd58f3e2559ea294cbdc8938df4a56da3c86492b46d60508786ba1f8d150e913e', 'Ramon Bravo', '5518503186', NULL, 1, 2, '', '0000-00-00 00:00:00', NULL),
(61, 'Sandra', 'Del rio', 'Drago', 'sdelrio67@gmail.com', '6803c9ef9b3c37fbbe92c352153a6da8433550f9416c778ebdb9edcd5eb135d7', 'Sandra Del rio', '8116340214', NULL, 1, 2, NULL, '0000-00-00 00:00:00', NULL),
(62, 'Catalin', 'Villarreal', 'Torres', 'caty_v@hotmail.com', '91d50a6ca80bcc43b9e5e676e9d2386c67ab8c629965468d9e04e80949f78172', 'Catalin Villarreal', '8110507126', NULL, 1, 2, NULL, '0000-00-00 00:00:00', NULL),
(63, 'Catalina', 'Villarreal', 'Torres', 'catyvt@gmail.com', '221c341f501f360e44f77c68dc843691e46b0833cb11798f4a793e58918e398f', 'Catalina Villarreal', '8110507126', NULL, 1, 2, NULL, '0000-00-00 00:00:00', NULL),
(64, 'jessica', 'fallon', 'garcia cepeda', 'jessicafallon@prodigy.net.mx', '9bf327b2b6d9b07afe4f659b3af3a967cba8d822d23f28339192e05f1da4e296', 'jessica fallon', '55897883', NULL, 1, 2, NULL, '0000-00-00 00:00:00', NULL),
(65, 'José ', 'Chapa', 'Aguado', 'chapa_fca@hotmail.com', '1f3ddf254f7ff60037a0aab7aeee2e1ccb167b522ff3da949e23d1b5adfbf3ad', 'José  Chapa', '4677543714', NULL, 1, 2, NULL, '0000-00-00 00:00:00', NULL),
(66, 'tere', 'sterling', 'arana', 'teresterling@gmail.com', '337707b8f454a95d0411de397159e53a5fcea873b2e3c3474bfa5abe98deb82e', 'tere sterling', '5531566418', NULL, 1, 2, NULL, '0000-00-00 00:00:00', NULL),
(67, 'Mat', 'Andres', 'Trumbull', 'mat.trumbull@gmail.com', 'adfca88931f9c7e49fbd06e0e7158e1e7ccafa7a93a7046006fe25f2ecf95712', 'Mat Andres', '01-415-798-7026', NULL, 1, 2, NULL, '0000-00-00 00:00:00', NULL),
(68, 'giulia', 'zink', 'zink', 'giulia.zink@gmail.com', '38b836da7d5205e0547f6bbfb2a38534882c06b0cfd22acf092bab39c3e3556e', 'giulia zink', '00393471889018', NULL, 1, 2, 'eb4bbe6fafae9088082c9552eaee9049', '0000-00-00 00:00:00', NULL),
(69, 'Alejandra', 'Barnetche', 'Barnetche', 'alebarnetche@gmail.com', 'ec2f5edb4f5176c1512bb42fb71d1590f26f3312125bfac7d1eee08d0f058429', 'Alejandra Barnetche', '9176053511', NULL, 1, 2, NULL, '0000-00-00 00:00:00', NULL),
(70, 'LInda', 'Vegher', 'quass', 'lvegher@gmail.com', '2b066a929143471ad04b6f2136e323f4f795fd1c4affde9c19472cf25817e85b', 'LInda Vegher', '7073546056', NULL, 1, 2, NULL, '0000-00-00 00:00:00', NULL),
(71, 'Maria', 'Orozco', 'Mar', 'carmenorozcomar@yahoo.com', 'be08cbd067f279537aea8436d6adc4fc4ae6f5f21faf49f1ef26e61b1bf8d5bd', 'Maria Orozco', '5554374403', NULL, 1, 2, NULL, '0000-00-00 00:00:00', NULL),
(72, 'ASIMETRICA', 'ESTUDIO', 'INTERIORISTA', 'asimetricaestudio@hotmail.com', '221c341f501f360e44f77c68dc843691e46b0833cb11798f4a793e58918e398f', 'ASIMETRICA ESTUDIO', '8110507126', NULL, 1, 2, 'eb4bbe6fafae9088082c9552eaee9049', '0000-00-00 00:00:00', NULL),
(73, 'Regina', 'Jarque', 'Lira', 'regina.jarque@gmail.com', '6b143cab14b814d19adcd80fc459c4b812d2c06c986fc1c8ef8d7d411eefbd2a', 'Regina Jarque', '5543563252', NULL, 1, 2, NULL, '0000-00-00 00:00:00', NULL),
(74, 'Mauricio', 'Espinosa', 'Gonzalez', 'maueg1@hotmail.com', '13203c96e5790e074610b43c568c6051799a008e40ef6f8a9cd64db59761eeb8', 'Mauricio Espinosa', '3318944874', NULL, 1, 2, NULL, '0000-00-00 00:00:00', NULL),
(75, 'Mauricio', 'Espinosa', 'Gonzalez', 'roscamty@hotmail.com', '6d15ad0b0023479db482f05f707db25a4f12294cfe3f133685bcec56cef3f453', 'Mauricio Espinosa', '3318944874', NULL, 1, 2, NULL, '0000-00-00 00:00:00', NULL),
(76, 'Lisset', 'Cano', 'Serrano', 'lcano_serrano@hotmail.com', '92ac394f64c0232944bb006df8e8284bd17af4d3c92863b5f4cbcf0e581187f9', 'Lisset Cano', '4421095568', NULL, 1, 2, NULL, '0000-00-00 00:00:00', NULL),
(77, 'Karime', 'Hernandez', 'Salomon', 'karime.hsalomon@gmail.com', '5bd2be29bd74612ec26466d726803d338a37ca0dedae0d096d22766d7e24c44b', 'Karime Hernandez', '4774551939', NULL, 1, 2, NULL, '0000-00-00 00:00:00', NULL),
(78, 'Carissa', 'Duncan', 'Fiorio', 'carissa@salt-bones.com', 'abe7188852fb321b89c96c7bbde2e5fbdaad0a9b3c30a0d60cb37fc228758e2a', 'Carissa Duncan', '8319151526', NULL, 1, 2, NULL, '0000-00-00 00:00:00', NULL),
(79, 'José Miguel ', 'López ', 'García ', 'salmon.zanabria@gmail.com', '41b6d8b078bbf57c350cf06061a2b57e1648b8635225739e257f7bab33446dc2', 'José Miguel  López ', '(55)5457-1814', NULL, 1, 2, NULL, '0000-00-00 00:00:00', NULL),
(80, 'Jason', 'J.', 'T.', 'j.jason0896@yahoo.com', 'b77bb130344246cc39c1c63da86821ec146fd83206179163c1d52421ba3d358c', 'Jason J.', '+86 17702314450', NULL, 1, 2, NULL, '0000-00-00 00:00:00', NULL),
(81, 'Gaby', 'Espinosa', 'Chamorro', 'gabyespinosach@outlook.com', '20338d9320149a79c608db918af8c8b3f97903b48b42efcfa7c06f5179c34ac0', 'Gaby Espinosa', '5555022770', NULL, 1, 2, NULL, '0000-00-00 00:00:00', NULL),
(82, 'CECILIA', 'CALDERON', 'GONZALEZ', 'cecg1971@gmail.com', 'a9e1d3e43dc2a85e4056fe504a53deea8a595b2fbaceffac48fad76790e2beee', 'CECILIA CALDERON', '8123173784', NULL, 1, 2, '', '0000-00-00 00:00:00', NULL),
(83, 'David', 'Benitez', 'Martinez', 'd@laboratoriosvaquero.mx', 'b4383b34964606eb2f90a1144f968d0a1c359db23e47b0dfa4b07d5b623ab5ee', 'David Benitez', '8112551828', NULL, 1, 2, NULL, '0000-00-00 00:00:00', NULL),
(84, 'María', 'Ruiz', 'Anitua', 'teteruiz01@gmail.com', '1380fe65bc0be7f8c15006cc4e76b132145fc156478b61283bd0b2b082487fc6', 'María Ruiz', '2299841158', NULL, 1, 2, NULL, '0000-00-00 00:00:00', NULL),
(85, 'ADAN', 'garcia', 'CARABES', 'ac@adancarabes.com', '4274e500a4832d2051323f4003cd2bae43bea50f0ea4cdd99aee3927cf1b3674', 'ADAN garcia', '5546235623', NULL, 1, 2, NULL, '0000-00-00 00:00:00', NULL),
(86, 'Cynthia ', 'Martin', 'Jimenez', 'ale.martin.jmz@gmail.com', '08a9f2dc4a0fb22e8287edec88648caf30e7ca186431b52a27f7d6a8461dbb77', 'Cynthia  Martin', '3310203619', NULL, 1, 2, NULL, '0000-00-00 00:00:00', NULL),
(87, 'Carla', 'Quijano', 'Legorreta', 'carlaquijano@me.com', 'ea5e9e0457cce1b0eb328b76176c1a6b426288898e6e7e927af69790f5ebdf15', 'Carla Quijano', '5585270298', NULL, 1, 2, NULL, '0000-00-00 00:00:00', NULL),
(88, 'mario ', 'VARGAS', 'VARGAS', 'mv.d.76@hotmail.com', 'cf0046fb8c30a1de04ac9c54fd8ac859a5b850c048e305b5b7ca675e59572875', 'mario  VARGAS', '415 5660440', NULL, 1, 2, NULL, '0000-00-00 00:00:00', NULL),
(89, 'María jose', 'Villalobos ', 'Abizaid', 'mjvillalobos1@hotmail.com', '20d2995509ff4357692e8c421f3f81b876b0b2391dc84108fd34d86edc33201a', 'María jose Villalobos ', '5564558827', NULL, 1, 2, NULL, '0000-00-00 00:00:00', NULL),
(90, 'María jose', 'Villalobos', 'Abizaif', 'santi88garcia@hotmail.com', '290462825a303e33035bf7513bb848f723a703868ef9f83f96ec8476462abd9a', 'María jose Villalobos', '5564558827', NULL, 1, 2, NULL, '0000-00-00 00:00:00', NULL),
(91, 'Guido', 'Agostoni', 'Rodriguez ', 'agostoni.guido11@gmail.com', '9aaf680776b98fd17fe63376120525cbcdffc01bc66f71df96b6e90b87f39b86', 'Guido Agostoni', '5591970951', NULL, 1, 2, NULL, '0000-00-00 00:00:00', NULL),
(92, 'Michelle', 'Levy', 'Jafif', 'outofthebox.d@gmail.com', '49da28a2c84eef87a5b13deabbb8640daa6a9ed8b1ea11a6d34fd31ddabbeae6', 'Michelle Levy', '5551007194', NULL, 1, 2, NULL, '0000-00-00 00:00:00', NULL),
(93, 'Susana', 'Oliva', 'Bonaclocha', 'susana.oliva@bigfoot.com.mx', '0fc9183e5782adf5d6cf9fa55df65fb5cd8cc239c74960b5b2c9069f9db84bc0', 'Susana Oliva', '5552572387', NULL, 1, 2, NULL, '0000-00-00 00:00:00', NULL),
(94, 'Omar', 'García ', 'X', 'omar__garcia@hotmail.com', '53d9ed5c75a1fee83f28343f36cfd1a7a8cdf3c111372ae6ff2badf1bf79ca81', 'Omar García ', '4151144786', NULL, 1, 2, NULL, '0000-00-00 00:00:00', NULL),
(95, 'Mariana', 'Hernandez', 'Garza', 'hdz_mariana@hotmail.com', '7499aced43869b27f505701e4edc737f0cc346add1240d4ba86fbfa251e0fc35', 'Mariana Hernandez', '8112775650', NULL, 1, 2, NULL, '0000-00-00 00:00:00', NULL),
(96, 'KARLA', 'REYNA', 'FARIAS', 'karlareeyna@gmail.com', 'df2a67a5fce7a5f0b46c98e4009a06f4c54b46f1d3a3f29d3e496cd9ee3d0cd5', 'KARLA REYNA', '83355462', NULL, 1, 2, NULL, '0000-00-00 00:00:00', NULL),
(97, 'lucia', 'montesino', 'aguilar', 'lucia@mumo.com.mx', 'b011d2da439320036da726faeb0c0d98d7e7679500c330b9051560763c42051e', 'lucia montesino', '36306593', NULL, 1, 2, NULL, '0000-00-00 00:00:00', NULL),
(98, 'CRISTINA', 'ELGUEOR', 'HUME', 'tinaeh@yahoo.com', '5691510b2fe69739b53251ae61e906152d0b67f5b54c70938f80415d898b535e', 'CRISTINA ELGUEOR', '5554028791', NULL, 1, 2, NULL, '0000-00-00 00:00:00', NULL),
(99, 'Maca', 'Fernandez', 'Dosal', 'makita878@hotmail.com', '4ab2f24a04ecef44358f348888dacb9307b4973360b7f92161c7a99f15049bff', 'Maca Fernandez', '5514733396', NULL, 1, 2, NULL, '0000-00-00 00:00:00', NULL),
(100, 'Miguel', 'Cuamea', 'sabag', 'mijailsabag@gmail.com', 'c0714d5796079a944b258d1fe2c1b8c1179f3fdece1bc0ef5fd80d4adf1ed5c3', 'Miguel Cuamea', '6444471028', NULL, 1, 2, NULL, '0000-00-00 00:00:00', NULL),
(101, 'Mia', 'Wallsten', 'W', 'miawallsten@yahoo.com', '132e29cf5473a069f97e6d812dbe6c1e35bf26ba257644bfd9f0c28c78dddcc5', 'Mia Wallsten', '55 54162242', NULL, 1, 2, NULL, '0000-00-00 00:00:00', NULL),
(102, 'EMMANUEL', 'LEMUS', 'BECERRA', 'elemus4@hotmail.com', 'f771dd4f93f2c8c77b618f0c21b64959764edef15499fcb804e7b41fa5106822', 'EMMANUEL LEMUS', '55104972', NULL, 1, 2, NULL, '0000-00-00 00:00:00', NULL),
(103, 'Irais', 'Navarro', 'Campos', 'irais70@hotmail.com', 'b64dec2c677b6b0028e0720398624c27cbffc8067216d78c60bf02fd0ba87b4c', 'Irais Navarro', '4772663811', NULL, 1, 2, 'fa7bdd2bc3a79117746b655263375f6f', '0000-00-00 00:00:00', NULL),
(104, 'Antonia Maria ', 'Horrach', 'Moya', 'antoniamaria@am29.com', 'a0727444ca9be06cf04ad342dd227db1ace7cfbcbf3c35710f7c0606d27963c2', 'Antonia Maria  Horrach', '0034619049690', NULL, 1, 2, NULL, '0000-00-00 00:00:00', NULL),
(105, 'Anahi', 'Olea', 'Trueheart', 'anah.iolea@hotmail.com', '9e693539d7a4be310ec8e607d982348539f951a2854fedc1e976c7ee7eba6dd3', 'Anahi Olea', '5551063870', NULL, 1, 2, NULL, '0000-00-00 00:00:00', NULL),
(106, 'Lucy', 'Sanchez', 'Diaz', 'sanchezdiazlucy@hotmail.com', '308a57129273e8bd7d4d15ca403668db49022d29d820a533c9ff040809f3a8cc', 'Lucy Sanchez', '8711589558', NULL, 1, 2, 'd2be12d045bd0761929d7da2b364d067', '0000-00-00 00:00:00', NULL),
(107, 'Luis', 'Aguilar', 'Carbó', 'luis.aguilarcarbo@hotmail.com', 'a3cb3c8587a702ff80971060d54c8f529061c741d1ffb6ead123a856fcdc850c', 'Luis Aguilar', '5539332788', NULL, 1, 2, 'd2be12d045bd0761929d7da2b364d067', '0000-00-00 00:00:00', NULL),
(108, 'Luis ', 'Aguilar', 'Carbo', 'luis.aguilar@lca.com.mx', 'df18454733b8b154689b10c5a70df38e7c8dca54886b3f07aa37e6eab97c0b02', 'Luis  Aguilar', '5556511426', NULL, 1, 2, NULL, '0000-00-00 00:00:00', NULL),
(109, 'Mary carmen', 'Jara', 'Rodriguez', 'marycjr@hotmail.com', 'f435b9827c4d8e539da160f8a8cee037d24fcc79faae61c56fd9da60306b3b0c', 'Mary carmen Jara', '9211780780', NULL, 1, 2, 'd2be12d045bd0761929d7da2b364d067', '0000-00-00 00:00:00', NULL),
(110, 'Lourdes', 'Legorreta', 'Hernandez', 'lourdes.legorreta@gmail.com', 'aa1db249b628ea5c889b9bb82ef176979e4ed1bd868618d3fce74007b439c6b4', 'Lourdes Legorreta', '5255404332', NULL, 1, 2, NULL, '0000-00-00 00:00:00', NULL),
(111, 'Brenda ', 'Reyes ', 'Garrido', 'patodomenech@gfw.com.mx', '468e1e51f5a0509770280d6135a539f48fd58b3b1a2011089688e94ca19cd9b1', 'Brenda  Reyes ', '25919366', NULL, 1, 2, NULL, '0000-00-00 00:00:00', NULL),
(112, 'Julieta ', 'Guzman', 'Lino', 'juliett101@live.com.mx', '7a0217989214be03374056240a161764f4e523b5605fcd747eacc7da56fb4906', 'Julieta  Guzman', '3319731405', NULL, 1, 2, NULL, '0000-00-00 00:00:00', NULL),
(113, 'Cecilia', 'Bremer', 'Hernandez', 'cecilia@bremeryherrera.com', '010d978f51c2e941a8d74ee5dc8e8fcbbded5c551b7a505c9151bfa1be268a7a', 'Cecilia Bremer', '4448291279', NULL, 1, 2, NULL, '0000-00-00 00:00:00', NULL),
(114, 'Gabriela', 'diaz', 'A', 'gabyd03@yahoo.com.mx', 'b14f23e6debe12ce9250274c092cd975f0b6e7bff985c94c8a46cfb99672d498', 'Gabriela diaz', '0000000000', NULL, 1, 2, NULL, '0000-00-00 00:00:00', NULL),
(115, 'Mayra', 'Fauvain', 'Munguia', 'mayramu@yahoo.com', 'cffe7658bd45613ad8416efa5688138782dcf03179541baaffc6f16b2e6830fd', 'Mayra Fauvain', '444558856', NULL, 1, 2, NULL, '0000-00-00 00:00:00', NULL),
(116, 'Sofia ', 'Gomez del Campo', 'Tonella ', 'chofa28@hotmail.com', '558327e6a6527f854d397bc4244d595db64ead116be3b53e97b5f0d981d3d9e3', 'Sofia  Gomez del Campo', '526721050081', NULL, 1, 2, NULL, '0000-00-00 00:00:00', NULL),
(117, 'Nury Peniel', 'Reséndiz ', 'Gutiérrez', 'peniel.rg@gmail.com', 'd74414e904853256044a8129eb4d4cbf9bcbf1e64bebab92bb6d9f2262901e91', 'Nury Peniel Reséndiz ', '55 1913 3438', NULL, 1, 2, '', '0000-00-00 00:00:00', NULL),
(118, 'Maria Fernanda ', 'Cobos', 'Salas', 'mcobossalas9@gmail.com', 'b0969f2d0959104274fef0a5d0dc7ab02113bc8c4be0c3aa03c4f55cb94f9ea9', 'Maria Fernanda  Cobos', '5550729206', NULL, 1, 2, '', '0000-00-00 00:00:00', NULL),
(119, 'LESLIE VIANEY', 'CORONA', 'RESENDIZ', 'leslie.corona@tuttopelle.mx', '1a951d4cbfaf0cb32281af4433e5cb9660a371018886e3fd85323413935b4f0f', 'LESLIE VIANEY CORONA', '(722)3559873', NULL, 1, 2, '', '0000-00-00 00:00:00', NULL),
(120, 'mina', 'barquera', 'romero', 'minabarquerastudio84@gmail.com', 'c4608fd6e5e593e51a017a61ca7cb1223c4c6b6b9f30e3ad68ba5684c05aa68f', 'mina barquera', '52806871', NULL, 1, 2, 'd2be12d045bd0761929d7da2b364d067', '0000-00-00 00:00:00', NULL),
(121, 'sara', 'hernandez', 'romero', 'sara@namuhmex.com', '373a04a5939c90b669657c1d74a18f613dbff4a66846c102b634eafcd6e7275b', 'sara hernandez', '4151530014', NULL, 1, 2, NULL, '0000-00-00 00:00:00', NULL),
(122, 'Ana Paulina', 'Fernandez', 'Ortega', 'anapaulina_f@hotmail.com', 'b381455b1964b5446744ed8d07a9ed4578e72e5a74e102f21c2c966e68e97cb4', 'Ana Paulina Fernandez', '55 29 71 89 29 ', NULL, 1, 2, NULL, '0000-00-00 00:00:00', NULL),
(123, 'Marco', 'Garcia', 'Larrañaga', 'magarciala@hotmail.com', 'a923576c840e51ae876647f14d7206b2aa87f7b226ed8b692a0df149ef23a154', 'Marco Garcia', '5551710017', NULL, 1, 2, NULL, '0000-00-00 00:00:00', NULL),
(124, 'Erik ', 'Nyssen', 'Tackert', 'erik@ploka87.com', 'ae7453f517e81b2fc592b41d9bb4c528b5ad4caca4a9af5d3071e46099c35072', 'Erik  Nyssen', '8331098102', NULL, 1, 2, NULL, '0000-00-00 00:00:00', NULL),
(125, 'daniela', 'd22q', 'dewwe', 'd.cruz@legorreta.org.mx', 'df106d65c545b980a97f0b710994afdf8c00d52cd19ae62945fb645e82eefdd6', 'daniela d22q', '52519698', NULL, 1, 2, NULL, '0000-00-00 00:00:00', NULL),
(126, 'karen', 'ceballos', 'ramirez', 'karen.casagotxikoa@gmail.com', '002984755d896eb1ac06d678687accfe0bb694a31c80bd7082f3e4c5e17b2e41', 'karen ceballos', '+528110505213', NULL, 1, 2, NULL, '0000-00-00 00:00:00', NULL),
(127, 'mariana', 'ugalde', 'hernandez', 'mariana.ugalde@habi.com.mx', 'a410b5bf29327087f83e5a424c32316c8da82978be253494f15cb4be2aa76484', 'mariana ugalde', '4442131520', NULL, 1, 2, NULL, '0000-00-00 00:00:00', NULL),
(128, 'JAIME', 'OLIVA', 'RUBIN DE CELIS', 'jaime.oliva@me.com', '755a57f1142356e152c9b6044bdb2bf41ad0948d079545beae4d721e8ed0cb80', 'JAIME OLIVA', '4448151165', NULL, 1, 2, NULL, '0000-00-00 00:00:00', NULL),
(129, 'Natalia', 'Campuzano', 'R', 'natoscampuzano@gmail.com', '633b7f436976184b7e5559b5070413bea2bd6f4577b2d9875a4e3598371b833a', 'Natalia Campuzano', '8110631509', NULL, 1, 2, '', '0000-00-00 00:00:00', NULL),
(130, 'Sofia Zaragoza Ruibal', 'Zaragoza', 'ruibal', 'sofiazr@hotmail.com', '00250544180f9234a9b30f3f23a06daf67194bec5c821a26a99635c50f53d96c', 'Sofia Zaragoza Ruibal Zaragoza', '6622990999', NULL, 1, 2, '3f7711e5daad5e387f13a8dc755be645', '0000-00-00 00:00:00', NULL),
(131, 'Carolina ', 'Olivares', 'Azuara', 'olivarescarolina@hotmail.com', '240e14227d3eb6e62ade07006f09680de1c2705b9cbd80541a85b0529194e533', 'Carolina  Olivares', '4422500133', NULL, 1, 2, NULL, '0000-00-00 00:00:00', NULL),
(132, 'Carolina', 'Olivares', 'Azuara', 'caro.olivares@hotmail.com', 'fac0332961be0c382cdb0cb61ce882cf338f1d99daaa9f406b8f13338da6af4a', 'Carolina Olivares', '4422500133', NULL, 1, 2, NULL, '0000-00-00 00:00:00', NULL),
(133, 'PAOLA', 'RASCON', 'ALDECOA', 'paola@tallerunocuatro.com', 'e4cb397c1aa3613464239f8dc5e4a807c07a290054a0d711edad2422dd953e57', 'PAOLA RASCON', '8112900388', NULL, 1, 2, NULL, '0000-00-00 00:00:00', NULL),
(134, 'Idania', 'Moreno', 'Galicia', 'ainadi_33@hotmail.com', '91bb56440759dab3fa4c01722d61a91ff6f4fff1d4f518d60d5d4c875c6ac0bc', 'Idania Moreno', '6674121631', NULL, 1, 2, '3f7711e5daad5e387f13a8dc755be645', '0000-00-00 00:00:00', NULL),
(135, 'jaime', 'medrano', 'chavez', 'jmedranoch@gmail.com', '77136386bbcdca4f091a6eae80dc78db52dd6050bd04649b714cc7e8cf3a8e20', 'jaime medrano', '9565335903', NULL, 1, 2, '3f7711e5daad5e387f13a8dc755be645', '0000-00-00 00:00:00', NULL),
(136, 'Nadia', 'Blanco', 'Ugalde', 'nblanco@habi.com.mx', 'fc8322daf1e6f2b30f34d8adb563df1d184f5a4faaa0db46fe5dda1c0d98e10e', 'Nadia Blanco', '4441485534', NULL, 1, 2, NULL, '0000-00-00 00:00:00', NULL),
(137, 'Cecilia', 'Sáenz', 'Valencia', 'cecisaenza@gmail.com', '7f307babe1ef70ddbdf872077b0dac6de209ab0b9f49fce9cbed9871aed3e96f', 'Cecilia Sáenz', '0445530594287', NULL, 1, 2, NULL, '0000-00-00 00:00:00', NULL),
(138, 'Andres Marcelo', 'Alonso', 'Carrillo', 'andres_marcelo7@hotmail.com', '0bc041bb0f513f9ae033649d252701f1056daecf86c36599e1f8975a4fb8cac0', 'Andres Marcelo Alonso', '4448442982', NULL, 1, 2, NULL, '0000-00-00 00:00:00', NULL),
(139, 'ITZEL', 'ARROYO', 'GONZALEZ', 'itzel_tra@hotmail.com', '41548a113ca94d9c26dfcef5d5ae50d4cacf44ce8b42ecb9e10491a40e5678d2', 'ITZEL ARROYO', '6181556899', NULL, 1, 2, NULL, '0000-00-00 00:00:00', NULL),
(140, 'paulina', 'razo', 'castillo ', 'yecssi@gmail.com', 'd92f22a63d01bb147d96b639cb4514911c041331d136926682a9a210af7ad668', 'paulina razo', '4422584612', NULL, 1, 2, NULL, '0000-00-00 00:00:00', NULL),
(141, 'Almudena', 'Arrechea', 'Garcia de vinuesa', 'almuarrechea@gmail.com', 'e180325c023c7c1c5de5b862ae8a99ea0a752cfe045bde7c65891008d793553b', 'Almudena Arrechea', '55555555', NULL, 1, 2, NULL, '0000-00-00 00:00:00', NULL),
(142, 'FRANCISCO', 'JIMENEZ', 'BALMORI', 'fjimenezb@montosa.com.mx', '3cfe034fecdace02fa40e6ae9cde349a099594e066a12d8277207163f14d64c3', 'FRANCISCO JIMENEZ', '2727244444', NULL, 1, 2, NULL, '0000-00-00 00:00:00', NULL),
(143, 'Laura', 'Campos', 'Espinoza', 'helenncampos@hotmail.com', 'f1fa31296ed3b040ccaca2793cea857eba36883b302acb42ff1914c7040cb59c', 'Laura Campos', '4151523048', NULL, 1, 2, NULL, '0000-00-00 00:00:00', NULL),
(144, 'NATALIA', 'CAMPUZANO', 'RANGEL', 'nataliac_@hotmail.com', '58cb9ad3626d20fdcb5ce0987e1178e948361443cc0f9e3852af5f36bf746ea4', 'NATALIA CAMPUZANO', '18110631509', NULL, 1, 2, NULL, '0000-00-00 00:00:00', NULL),
(145, 'Cristina ', 'Juarez ', 'Castillo', 'haycri@yahoo.com', '5665e0a76c4588b98171f716693ac606f8413ca230310cf0fcb959358d84861d', 'Cristina  Juarez ', '5510699334', NULL, 1, 2, NULL, '0000-00-00 00:00:00', NULL),
(146, 'maria regina', 'gonzalez', 'de alba', 'mareg1487@gmail.com', '0ea3576a44e6b2a2229e6bd52858689024d3721734391d03be985bc6fe7bb04d', 'maria regina gonzalez', '4773948928', NULL, 1, 2, 'cf53c54c5e714763b39ef28c5e69f6eb', '0000-00-00 00:00:00', NULL),
(147, 'Leonardo', 'Aguilar', 'Aguilar', 'nonayo@yahoo.com', '703503c4ca484d1e82cbe5104ee4b8330afb89f5f997daebed8d24775deee008', 'Leonardo Aguilar', '5518309799', NULL, 1, 2, '', '0000-00-00 00:00:00', NULL),
(148, 'Saúl ', 'Frausto', 'Aguirre', 'asul_interiores@hotmail.com', 'be6bcf5686eb6b9ce674a41d83070fe2f813aee88985a0a4d571d085c92a2571', 'Saúl  Frausto', '4775774185', NULL, 1, 2, NULL, '0000-00-00 00:00:00', NULL),
(149, 'Marissa', 'Medrano', 'Chavez', 'mmedrano@fonderia.com', '5a468dab0c23e11ab5d3bedf1d00ad6d2849c06e60716860b60fdef82034f1e6', 'Marissa Medrano', '4442417655', NULL, 1, 2, NULL, '0000-00-00 00:00:00', NULL),
(150, 'marlen yadira ', 'gonzalez', 'hernandez', 'marefras@hotmail.com', '117aa0df6886a0d7c4cce73bde931d531c773fcabae458206f1a8793d4a3696c', 'marlen yadira  gonzalez', '4151169872', NULL, 1, 2, NULL, '0000-00-00 00:00:00', NULL),
(151, 'Alejandra', 'De Anda', 'Lopez', 'alexadeanda@gmail.com', '168073c6eeff1e40a9faee486170f11bd7afe33ae02c4c77e86695c5d97a446c', 'Alejandra De Anda', '+1 956 2372338', NULL, 1, 2, NULL, '0000-00-00 00:00:00', NULL),
(152, 'PAOLA', 'CASTELLANOS', 'CASTELLANOS', 'PAO_CC@HOTMAIL.COM', 'ef1c9845dfe2289b22eb15aaaddec26c68e012ab8f066f93283aa286865f4616', 'PAOLA CASTELLANOS', '3310851253', NULL, 1, 2, NULL, '0000-00-00 00:00:00', NULL),
(153, 'Mauricio', 'Hernandez', 'Pulido', 'mauricio@capitalvertical.com', 'b221d9dbb083a7f33428d7c2a3c3198ae925614d70210e28716ccaa7cd4ddb79', 'Mauricio Hernandez', '5552824945', NULL, 1, 2, NULL, '0000-00-00 00:00:00', NULL),
(154, 'GUADALUPE', 'ZAZUETA', 'FIGUEROA', 'guaipyz@hotmail.com', '80ef3a188feaf808b132de8581ad6111f01c18c06244df18548b4f099dad54d4', 'GUADALUPE ZAZUETA', '6688183842', NULL, 1, 2, NULL, '0000-00-00 00:00:00', NULL),
(155, 'adriana ', 'garcia', 'cach', 'rprimeroa@yahoo.com', '30298ade04df70af8762e25e26a0863d85be05031ec3e47c1697e161c6dcf82a', 'adriana  garcia', '5553151067', NULL, 1, 2, '', '0000-00-00 00:00:00', NULL),
(156, 'Graciela ', 'Del Campo ', 'Pulido', 'graciela.delcampo@gmail.com', '65ac9415c34eadd749a34e849c9bba37ab1b102fa3b3ce9d3ac013e5ed68b094', 'Graciela  Del Campo ', '5529009435', NULL, 1, 2, '', '0000-00-00 00:00:00', NULL),
(157, 'Brenda', 'Hernandez', 'Duran', 'ldae.brendahd@gmail.com', '718a60e21c689ec4bced7af4811b370786e4e5b272cb9494f9207d79aad0ece9', 'Brenda Hernandez', '4772407033', NULL, 1, 2, '', '0000-00-00 00:00:00', NULL),
(158, 'Alan', 'Delgado', 'Carrillo', 'd3lgadoalan@gmail.com', 'df1c7b9e185fab7f5d6cda45043bec61d9754f3cf514965c53434146c36ded58', 'Alan Delgado', '512-364-3562', NULL, 1, 2, NULL, '0000-00-00 00:00:00', NULL),
(159, 'Nuria', 'Calleja', 'Lopez', 'alma3300@hotmail.com', '363450d651a3e24d6d4e8a6e628095c1500b035dee4241599114705e5b3998bb', 'Nuria Calleja', '3316005620', NULL, 1, 2, NULL, '0000-00-00 00:00:00', NULL),
(160, 'Mercedes ', 'Mariscal ', 'Barrios ', 'mariscalmercedes@hotmail.com', 'a5e86837f46f495b4238f4f350c56c5bfd3ab90532cf5fd49348bda25b06fcbb', 'Mercedes  Mariscal ', '63642414', NULL, 1, 2, NULL, '0000-00-00 00:00:00', NULL),
(161, 'NATASHA', 'ESCUDERO', 'STREVEL', 'nescudero26@gmail.com', '2078698fe0964eec7caec2b2de0901211e41af28eee92591b6a47da49423a3cc', 'NATASHA ESCUDERO', '5515106828', NULL, 1, 2, NULL, '0000-00-00 00:00:00', NULL),
(162, 'Maria', 'Chauvet', 'Zavala', 'susichau8@hotmail.com', '3d96cbd914331cfdacf60d2fbc7807d353ff298aa2f3f111a6d396772305362d', 'Maria Chauvet', '4421732078', NULL, 1, 2, '8ee8e526e1d8ad7658e7aba786cbb9b1', '0000-00-00 00:00:00', NULL),
(163, 'Eduardo', 'Martinez Gallardo', 'Camarena', 'koruemg@att.net', 'dd02e7c9dd4e96bb4008ca42e9aab07126d188cfccee0d85c320a25a4e86be10', 'Eduardo Martinez Gallardo', '3334010606', NULL, 1, 2, NULL, '0000-00-00 00:00:00', NULL),
(164, 'Javier', 'Espinosa', 'Quintana', 'javiereq@me.com', 'b7657132b15cc7d374a3f617cbf3d450e67fabcd99bdef7ace072cd1239c5e52', 'Javier Espinosa', '5585492022', NULL, 1, 2, NULL, '0000-00-00 00:00:00', NULL),
(165, 'Javier', 'Espinosa', 'Quintana', 'javiereq94@gmail.com', '2f133640e8afa89d145abc5ff76311e6ff16f0c661306ad1c691afde3267e105', 'Javier Espinosa', '5585492022', NULL, 1, 2, NULL, '0000-00-00 00:00:00', NULL),
(166, 'Mireya', 'Ponce de Leon', 'MAnrique', 'ceciponcedeleonmanrique@gmail.com', '989fe7f764a3149b061535cbba768927cd9ee85f60d9e7c3112fbf0720f34202', 'Mireya Ponce de Leon', '3315120834', NULL, 1, 2, NULL, '0000-00-00 00:00:00', NULL),
(167, 'JOSE MANUEL', 'HERRERA', 'HUTTERER', 'JMHERRERA@HERMOS.COM.MX', '9a6b6c6e6e1ea325de6f8f12f5a45460dc81dbcf02d037c6ebd57921dd445716', 'JOSE MANUEL HERRERA', '4611100929', NULL, 1, 2, NULL, '0000-00-00 00:00:00', NULL),
(168, 'justo', 'sierra', 'sierra', 'justosierra@me.com', 'fa2e0c0ca3c7a66f443bde3dcf27951fc1856e4e6bd2cd70eeb73f7a6872ae9e', 'justo sierra', '5537802497', NULL, 1, 2, NULL, '0000-00-00 00:00:00', NULL),
(169, 'eric', 'Alamo', 'Quevedo', 'eric@ejezeta.mx', '470bff3eb7650e976eb52cb76a8109c6a301469625514c2e156df386b43d686e', 'eric Alamo', '55755164', NULL, 1, 2, NULL, '0000-00-00 00:00:00', NULL),
(170, 'gabriela', 'gutierre', 'aquino', 'ggadesign08@gmail.com', '1ccb535e64bf0f1835818373e3bae1f67d82acb648165b94f1291399b094d18d', 'gabriela gutierre', '3318490803', NULL, 1, 2, NULL, '0000-00-00 00:00:00', NULL),
(171, 'Edmundo', 'Salinas', 'Salas', 'purchasing@salinaslasheras.com', '1fbcd4ecd0ae0d937ef0c1f7992f2d1acad7a5b086dc08117b5110c4f519f71d', 'Edmundo Salinas', '89898008', NULL, 1, 2, NULL, '0000-00-00 00:00:00', NULL),
(172, 'JOAQUIN', 'TIRADO', 'TIRADO', 'joaquin@joaquinhoms.com', 'bd4a44a9fb059a5739988307587ba086c79f9f399239ffbdfa17532f1da28996', 'JOAQUIN TIRADO', '33 2001 6705', NULL, 1, 2, NULL, '0000-00-00 00:00:00', NULL),
(173, 'Guadalupe', 'Parra', 'Ashby', 'lupeparra2@yahoo.com', '67f0f3ac4a972f040bcbb7d0acf9f9e5d2a5a3144bc441f758f904035f060e7b', 'Guadalupe Parra', '21620114', NULL, 1, 2, 'dda207fcffdb4b6a88dd714bdbed8073', '0000-00-00 00:00:00', NULL),
(174, 'paola', 'castanedo', 'shaadi', 'paola@ezequielfarca.com', '417783a197f08de31107083e314b1addd1fb963d829da746846782cc2a6bcca1', 'paola castanedo', '4774498983', NULL, 1, 2, NULL, '0000-00-00 00:00:00', NULL),
(175, NULL, NULL, NULL, NULL, 'e3b0c44298fc1c149afbf4c8996fb92427ae41e4649b934ca495991b7852b855', NULL, NULL, NULL, NULL, 2, '', '0000-00-00 00:00:00', NULL),
(176, 'Fabian', 'Otero', 'Aguilar', 'otefab@hotmail.com', '4b9e5bcc6554fa0fb14d89ebd49aa63b28ae487e57615b95a14fe2a668fa551a', 'Fabian Otero', '5533340651', NULL, 1, 2, NULL, '0000-00-00 00:00:00', NULL),
(177, 'Andres', 'Otero', 'Aguilar ', 'fabianoteroag@hotmail.com', '466a60ccf914580f3726f4dbadb93d9bc2d53bfaa853bf64b5d3005a1afeffe8', 'Andres Otero', '5533340651', NULL, 1, 2, 'dda207fcffdb4b6a88dd714bdbed8073', '0000-00-00 00:00:00', NULL),
(178, 'Ana Lu', 'Aguilar', 'Villarreal', 'analuciaaguilarv@hotmail.com', '466a60ccf914580f3726f4dbadb93d9bc2d53bfaa853bf64b5d3005a1afeffe8', 'Ana Lu Aguilar', '5527025000', NULL, 1, 2, NULL, '0000-00-00 00:00:00', NULL),
(179, 'Derick', 'Méndez', 'Ayuzo', 'derick@newporthouseplaya.com', '1e180ca048ed961605085a314d170be6ed1993351254dba354dc772505081554', 'Derick Méndez', '984 142 5771', NULL, 1, 2, NULL, '0000-00-00 00:00:00', NULL),
(180, 'Patricia', 'Amione', 'Fernandez', 'patriciaamione@gmail.com', '390f36f6d2b5881df1ea7e1018a11e27d25d01b834aa79be3c75ed300bd7d56d', 'Patricia Amione', '5552595838', NULL, 1, 2, NULL, '0000-00-00 00:00:00', NULL),
(181, 'Rol', 'Oca', 'Ma', 'rodrigolacroix@hotmail.com', '48deb732e8de8fe7995bbc2816520798fcab815f62165af4d53bbc24434c963e', 'Rol Oca', '5534002238', NULL, 1, 2, NULL, '0000-00-00 00:00:00', NULL),
(182, 'Melissa', 'Aguilar', 'Serna', 'melissa777@hotmail.com', '03440cd90d0e221fa0ef65f519361a5cf29bcf57ce74b68ed718c529ae590670', 'Melissa Aguilar', '2223623532', NULL, 1, 2, '', '0000-00-00 00:00:00', NULL),
(183, 'Marlen', 'Valdez', 'Veliz', 'marlen_veliz@hotmail.com', '29deeaea3623ccca1e322bd1e5c9e8b941ba670506c986489cdc13f9331233c0', 'Marlen Valdez', '624 122 58 91', NULL, 1, 2, 'a7c4781598d66b8b41885f67ed7f7dfd', '0000-00-00 00:00:00', NULL),
(184, 'Delfina', 'Soldati', 'Paracone', 'contactoenchufarteblog@gmail.com', '9fe1cd0330b8d0f3034627eb211f62ef11d720039b83326f7038e7fe7199050c', 'Delfina Soldati', '5215562535217', NULL, 1, 2, NULL, '0000-00-00 00:00:00', NULL),
(185, 'Delfina', 'Soldati', 'Paracone', 'delfinasoldati@gmail.com', '78026653e23634a2a1b636a86df7e7cb192b3889f2fc9dd8bcb1487e45d09bfd', 'Delfina Soldati', '5215562535217', NULL, 1, 2, NULL, '0000-00-00 00:00:00', NULL),
(186, 'Danbra', 'Cal', 'Cal', 'bravoc30@hotmail.com', '746f9f3a873ee19ef9fc653914d22b3eb92d156eeef26b7d21a33bb45583b4c3', 'Danbra Cal', '3333333333', NULL, 1, 2, NULL, '0000-00-00 00:00:00', NULL),
(187, 'Daniela', 'Blancas', 'Rosique', 'daniela@gloriacortinaestudio.com', 'cde84484f13a83da8c3152567b3bba7bf09aa9148e32bdf75fedca201e38450c', 'Daniela Blancas', '5519490031', NULL, 1, 2, '', '0000-00-00 00:00:00', NULL),
(188, 'rocio jazmin', 'gutierrez', 'garcia', 'rj_jazz@hotmail.com', 'b85a2a82f2b93193efbcd3a62dae0c672efa3ff2002a5c075a07fa130b89da03', 'rocio jazmin gutierrez', '4155667508', NULL, 1, 2, NULL, '0000-00-00 00:00:00', NULL),
(189, 'Guadalupe', 'Madero', 'Ruiz', 'gualism_97@hotmail.com', '7d9f8325ea19efd3699b963d596bd0fd517b81e8294827a3c3e6baf8d9b2f2ca', 'Guadalupe Madero', '5513630763', NULL, 1, 2, 'a9caa68599a65121f9255f521b9d63a1', '0000-00-00 00:00:00', NULL),
(190, 'Guadalupe', 'Madero', 'Ruiz', 'guamadero@gmail.com', 'aea49e6dc6bfe32c377fa91ddafb8382b145506f6342cda0093ebc8fd256fa1d', 'Guadalupe Madero', '5513630763', NULL, 1, 2, '', '0000-00-00 00:00:00', NULL),
(191, 'Fabiola', 'Cayon', 'Gonzalez', 'fabiolacayon@gmail.com', 'a0b718b06f1342e321eef2f58f2f92159d003c05baf62a15920e96f547a0ba84', 'Fabiola Cayon', '4626290979', NULL, 1, 2, NULL, '0000-00-00 00:00:00', NULL),
(192, 'Alicia', 'Pineda', 'Lomeli', 'aliciap48@gmail.com', 'e6c6240ab3785102d506d5d839b2b31ab4f353f9ab3245de396b0791f8b06a93', 'Alicia Pineda', '5552110402', NULL, 1, 2, NULL, '0000-00-00 00:00:00', NULL),
(193, 'Paola', 'Vargas', 'Bribiesca', 'pvb@prodigy.net.mx', '17452cdd58b891efcf154d4c9e75812ba9b25843cfdb5e6609592e6f051d9164', 'Paola Vargas', '4777651974', NULL, 1, 2, NULL, '0000-00-00 00:00:00', NULL),
(194, 'Adriana', 'Alcaraz', 'Pereyra', 'alcaraz88@hotmail.com', 'e67e42329819199c9a38eebc98e80a837ba8c5b48c7749512bdabd68aa5cee89', 'Adriana Alcaraz', '442 2226127', NULL, 1, 2, 'a9caa68599a65121f9255f521b9d63a1', '0000-00-00 00:00:00', NULL),
(195, 'YAVELHIN', 'CELIS', 'GARCIA ', 'yavelincelis@hotmail.com', 'd5bc03df649a761461e2bfd95b9af5b2a6ed135e53af5fd105c8606cbce14f72', 'YAVELHIN CELIS', '3318077353', NULL, 1, 2, NULL, '0000-00-00 00:00:00', NULL),
(196, 'jl', 'cruz', 'romero', 'luis.mixer@hotmail.com', '959a45d44e6fcf58361ed004681556fe50129f2109e817dec098c00c9e5d2578', 'jl cruz', '45678', NULL, 1, 2, NULL, '0000-00-00 00:00:00', NULL),
(197, 'irma', 'cardenas', 'suarez', 'irmacardenas@icloud.com', '6cf25ead0b2a2ff6b92d906539d9d6378861aa254a42ad4a49121caf8e791d24', 'irma cardenas', '6671540430', NULL, 1, 2, NULL, '0000-00-00 00:00:00', NULL),
(198, 'Cynthia ', 'Granado', 'Granado', 'cynthia@elysienne.com', 'a2a64213658bcfc82c2d9731bdc16ab2ab13c06a0d785a07fa3583417087d70c', 'Cynthia  Granado', '310-963-3442', NULL, 1, 2, NULL, '0000-00-00 00:00:00', NULL),
(199, 'Arene', 'a', 's', 'sabel.adriana@gmail.com', '1b8691e7401b5ee6c18d13f9d07a8f911d3b1869caed48568b79b641ba5f9d56', 'Arene a', '54545454', NULL, 1, 2, NULL, '0000-00-00 00:00:00', NULL),
(200, 'Juan', 'Ibarra', 'Rios', 'antonio@cerbero.com.mx', 'e40905a161d2bf31373dcf5a4bccb03ae9f45fd9c364586512a0c14bc668a40a', 'Juan Ibarra', '4423012301', NULL, 1, 2, '', '0000-00-00 00:00:00', NULL),
(201, 'Juan', 'Ibarra', 'Rios', 'reise234@hotmail.com', 'b42ea9e013543a6807dcbe297c519454f2f079280c1a6d2d6991f063b109f321', 'Juan Ibarra', '2344563453', NULL, 1, 2, NULL, '0000-00-00 00:00:00', NULL),
(202, 'Leticia Olivia ', 'Muñoz', 'Utrera', 'lo.munozu@gmail.com', 'f6b70dca6ad223e8da70d0e267ed74d75f667be853f59af950cdcd5c9ae62630', 'Leticia Olivia  Muñoz', '2717497944', NULL, 1, 2, '4adf73203cc9fddc71db1a059446a9d1', '0000-00-00 00:00:00', NULL),
(203, 'antonio', 'ibarra', 'dd', 'reise2345@hotmail.com', '6206532e8feaf65a3c50726a1c916b2e234e172b7fe0be859541fc4dc7ec9ce9', 'antonio ibarra', 'dd', NULL, 1, 2, NULL, '0000-00-00 00:00:00', NULL),
(204, 'Isaac', 'DL', 'M', 'isaac.deleonm@hotmail.com', 'f6fa9fc5fd3506029e7487763432d754f3bc1b13cf832f8d6c63e8e1df77ef55', 'Isaac DL', '5524151617', NULL, 1, 2, NULL, '0000-00-00 00:00:00', NULL),
(205, 'Begoña', 'Simon', 'Ocejo', 'bsimon@adi.com.mx', '9ac0bf31d12462456d67c90c5da24300bfb5ed34691a9058aae16864bd163265', 'Begoña Simon', '5540214070', NULL, 1, 2, NULL, '0000-00-00 00:00:00', NULL),
(206, 'Bego', 'Simon', 'Ocejo', 'bsimon11@gmail.com.mx', '9ac0bf31d12462456d67c90c5da24300bfb5ed34691a9058aae16864bd163265', 'Bego Simon', '5540214070', NULL, 1, 2, NULL, '0000-00-00 00:00:00', NULL),
(207, 'Vania', 'Anaya', 'Hernández', 'vaniaanayah@hotmail.com', '211dd0ed627829764d65870acd3e1e9fb59ad3ecab45301da8bbbdf829f1da6d', 'Vania Anaya', '4621100305', NULL, 1, 2, NULL, '0000-00-00 00:00:00', NULL),
(208, 'ARLEN', 'MARTINEZ ', 'PEREZ', 'ar.danielarq@gmail.com', '51a839330ff1ebc626981360ab535c328aef78e2896cf379d36dc89f6e52145e', 'ARLEN MARTINEZ ', '55555555', NULL, 1, 2, NULL, '0000-00-00 00:00:00', NULL),
(209, 'ANINA', 'OTTERBACH', 'JIMENO', 'aninaoj@gmail.com', '0d05549168c3af727cf6b49ed0974b2430bb187afd5199a6ae91d8e983241584', 'ANINA OTTERBACH', '5554102515', NULL, 1, 2, NULL, '0000-00-00 00:00:00', NULL),
(210, 'Paulina', 'Gutierrez ', 'De alba ', 'paulinacarcach@yahoo.com', '2937de92c830ef198ac28a87632889ba7b9e6bf3c6077f5bc63e467dbb8e47f7', 'Paulina Gutierrez ', '4155964363', NULL, 1, 2, NULL, '0000-00-00 00:00:00', NULL),
(211, 'pablo', 'arce', 'couttolenc', 'pablo.arcoutt@gmail.com', '4ffd3123bafa8fa29ee9b3bf083fb06851540037306b39526c75f72e87034b05', 'pablo arce', '5527295841', NULL, 1, 2, '0677abc49238cb91d61bed3b065c3771', '0000-00-00 00:00:00', NULL),
(212, 'Pamela ', 'Gómez', 'Padilla', 'pamelagp5@yahoo.com', '1d5701d6a83db61b80accc8bbe728de00f23cbee05aa9a3fc33ea7a6c9c45bc0', 'Pamela  Gómez', '3336410950', NULL, 1, 2, NULL, '0000-00-00 00:00:00', NULL),
(213, 'MISHEL ', 'MIRANDA', 'AVALOS', 'mishel_16@hotmail.com', '8bcdd5e722bbb64970afcd29e87304dbbb952f2777ca330f174f35346760d88c', 'MISHEL  MIRANDA', '0445521918358', NULL, 1, 2, NULL, '0000-00-00 00:00:00', NULL),
(214, 'veronica', 'moreno', 'perez', 'mvmoreno_@hotmail.com', '5e7e74682815cb9a594ba2bda289b72ebb86b64ec79b9057b93b097029af1b5e', 'veronica moreno', '5530115720', NULL, 1, 2, NULL, '0000-00-00 00:00:00', NULL),
(215, 'Alejandra Isabel', 'Becerra ', 'González', 'alejanna89@hotmail.com', '2ab1c5961408edda7854c282853a4fc16e979c03ae7d0d76eb2d0dcfefd26ecc', 'Alejandra Isabel Becerra ', '3951127800', NULL, 1, 2, NULL, '0000-00-00 00:00:00', NULL),
(216, 'angeles ', 'zepeda ', 'solorzano', 'angeles@ezcala.com.mx', '5dadab88adeaeb6507397a4c1e04883f8078dbf9b9457ef460a42e698ee9ad0d', 'angeles  zepeda ', '9988494368', NULL, 1, 2, NULL, '0000-00-00 00:00:00', NULL),
(217, 'JORGE ANTONIO', 'SERIO', 'SALOMON', 'jorgeserio@gmail.com', 'dcade4d79ea019401af9b98b6ad1b6b61cbe8cad5c9dfdca3b6d6f9453fa25b3', 'JORGE ANTONIO SERIO', '5510698428', NULL, 1, 2, NULL, '0000-00-00 00:00:00', NULL),
(218, 'juan jesus', 'vargas', 'nieto', 'juanjova58@hotmail.com', 'c9a0a7203e4460c9a7e728a25b97212b5461931b84b5beb973dc6a15b9524f8e', 'juan jesus vargas', '4731410766', NULL, 1, 2, NULL, '0000-00-00 00:00:00', NULL),
(219, 'Daniela', 'Chávez', 'Alvizo', 'daniela@molanoarquitectos.com', 'eec33f2a08a27c60a45a7d5b88f32bc6528d52ae950ea463dd4089a937fb6e53', 'Daniela Chávez', '4772739542', NULL, 1, 2, NULL, '0000-00-00 00:00:00', NULL),
(220, 'rosa', 'agraz', 'sánchez', 'rouz80@hotmail.com', '8348ba28d4dbb0c2e7fc50cf5ffd48332756e60c5fcd5174fd974189a5d0ec87', 'rosa agraz', '0445554146041', NULL, 1, 2, NULL, '0000-00-00 00:00:00', NULL),
(221, 'Thania ', 'Chapa', 'Mere', 'chapamere@hotmail.com', '17730983d1ff8c63d6bc59a819967ba66bd4c6f9a0f734b09fc7f30d6ed2b474', 'Thania  Chapa', '4423-05-75-77', NULL, 1, 2, NULL, '0000-00-00 00:00:00', NULL),
(222, 'marcela', 'bolaño', 'olivares', 'markela71@gmail.com', '87d1556bb3171052b037abb98fb258957146d4aff46faba79c665b9e751b4255', 'marcela bolaño', '5555060942', NULL, 1, 2, NULL, '0000-00-00 00:00:00', NULL),
(223, 'Mariana', 'Vidales', 'Guerrero', 'mvidales01@yahoo.com', '3806173be060734d2a0a378ceec12e8ac6f36135ca77980a8163afa4984fef61', 'Mariana Vidales', '4421092236', NULL, 1, 2, '', '0000-00-00 00:00:00', NULL),
(224, 'Ricardo', 'Moreno', 'A', 'rmorenojbv@msn.com', '19638a1bfa29139e0763bfc27e63d5bf9ede60884ae364dfadb279877af36573', 'Ricardo Moreno', '556300844', NULL, 1, 2, NULL, '0000-00-00 00:00:00', NULL),
(225, 'Alejandro', 'Mesta', 'Fernandez', 'amesta6287@hotmail.com', '7d976cc418e47e0735dd93b65afeb2254393adc490704ded896bcd9829e45ce4', 'Alejandro Mesta', '5529662980', NULL, 1, 2, NULL, '0000-00-00 00:00:00', NULL),
(226, 'Teresa', 'De la Torre', 'Gorraez ', 'marydlt@hotmail.com', 'c3ceb7dc457c53cc61ae940456fd19e6eea3a892cc4b0f5efd26d953ef69f114', 'Teresa De la Torre', '16646318', NULL, 1, 2, NULL, '0000-00-00 00:00:00', NULL),
(227, 'MARIA', 'VIZCARRA', 'CALDERON', 'luviz@mac.com', 'a36532e70289cb433b56246c4e1317b9f41cfb7c0f2ee767b7c3e0d0ebcce4dd', 'MARIA VIZCARRA', '55404424667', NULL, 1, 2, NULL, '0000-00-00 00:00:00', NULL),
(228, 'Hiam', 'Gastelum', 'Mayoral', 'garambullolap@gmail.com', '277927241912132795e8ac2d72c973639ede9f8f5b896f8dc08f9aae1e2a9d7d', 'Hiam Gastelum', '6121400990', NULL, 1, 2, NULL, '0000-00-00 00:00:00', NULL),
(229, 'Jose', 'RAMIREZ ', 'Romero ', 'foit74@hotmail.com', 'ee79976c9380d5e337fc1c095ece8c8f22f91f306ceeb161fa51fecede2c4ba1', 'Jose RAMIREZ ', '3336154952', NULL, 1, 2, NULL, '0000-00-00 00:00:00', NULL),
(230, 'Kasper', 'De groot', 'Tijmen', 'kasper@wearevoid.com', '90b1953f1c6a26c348db8ba66a6b002d9c6b07deb3b9dcba22520d0c3e606dbb', 'Kasper De groot', '9841058931', NULL, 1, 2, NULL, '0000-00-00 00:00:00', NULL),
(231, 'Rocio', 'Del bosque', 'Leal', 'rociodelb@gmail.com', 'f7d1df013753d3d2f731d09be1028d8eb8216d9692927b36dbcd29c065a16a77', 'Rocio Del bosque', '8448692318', NULL, 1, 2, NULL, '0000-00-00 00:00:00', NULL),
(232, 'Mehak', 'Verma', 'Mukta', 'mehak@kkd.ae', '1a1f2cd9000171d08d0d397043885dbf1dfeaef596f6d5697bf1ff95ada453ed', 'Mehak Verma', '00971 4 4347381', NULL, 1, 2, NULL, '0000-00-00 00:00:00', NULL),
(233, 'Mehak', 'Verma', 'Mukta', 'mehakverma@hotmail.com', '1a1f2cd9000171d08d0d397043885dbf1dfeaef596f6d5697bf1ff95ada453ed', 'Mehak Verma', '00971 4 4347381', NULL, 1, 2, NULL, '0000-00-00 00:00:00', NULL),
(234, 'Sofia ', 'Villarreal', 'garza', 'sofia.villarrealg@gmail.com', 'dabf15eb389730582c93c13d82d80288eb82a02db9f247bfd85d9c8060dd4737', 'Sofia  Villarreal', '8119179800', NULL, 1, 2, NULL, '0000-00-00 00:00:00', NULL);
INSERT INTO `namuhdb_usuarios` (`id_usuario`, `nombre`, `ap_paterno`, `ap_materno`, `correo`, `password`, `username`, `telefono`, `direccion`, `estado_usuario`, `tipo_usuario`, `passwordTemp`, `fecha`, `foto_perfil`) VALUES
(235, 'Sofia ', 'Villarreal', 'Garza', 'sofia_villarrealg@hotmail.com', 'fed2d33d34232cec489aac371acad8fdbe0425f3751ed5c796f618d547f5a90f', 'Sofia  Villarreal', '8119179800', NULL, 1, 2, NULL, '0000-00-00 00:00:00', NULL),
(238, 'DEBORAH', 'BENITEZ', 'BENITEZ', 'deborahbm@gmail.com', '65ac9415c34eadd749a34e849c9bba37ab1b102fa3b3ce9d3ac013e5ed68b094', 'DEBORAH BENITEZ', '525555957459', NULL, 1, 2, NULL, '2016-09-05 00:00:00', NULL),
(239, 'LUZ MARIA', 'RIBA', 'MENENDEZ', 'lucyriba@yahoo.com', '823d95c5cc48bcc9aa03b925509496dad66fd459b84580f58f560c44c97215ca', 'LUZ MARIA RIBA', '7222644753', NULL, 1, 2, NULL, '2016-09-05 00:00:00', NULL),
(240, 'Melissa', 'Acosta', 'Alcorn', 'melissa_acosta1@hotmail.com', '5ed3f90703cd97ece6ac0f9c966371d0976d5a4c87fbfe75ea1354a33d161b59', 'Melissa Acosta', '6471060805', NULL, 1, 2, NULL, '2016-09-05 00:00:00', NULL),
(241, 'Noel', 'Garcia', 'Herrera', 'wkz1802@gmail.com', 'f76f84d4a498154c92cd4f19a96b083ead79770afdc7e7e5e72cf32ad91103bd', 'Noel Garcia', '4424768319', NULL, 1, 2, NULL, '2016-09-05 00:00:00', NULL),
(242, 'melissa', 'acosta', 'alcorn', 'melacostaa@gmail.com', 'cd17569b3e1cbd01c633a637c070068dc93b094cfff251322214663e4060cf04', 'melissa acosta', '6471060805', NULL, 1, 2, NULL, '2016-09-05 00:00:00', NULL),
(243, 'elena', 'viloria', 'oronzor', 'viloriaelsa@yahoo.com.mx', 'aa2358d5913f094dbfb7af6b41ce9045e13cce6add6211bdeab7a7de02bc1927', 'elena viloria', '5551126112', NULL, 1, 2, NULL, '2016-09-05 00:00:00', NULL),
(244, 'jl', 'Cruz', 'R', 'luis.scoomb@hotmail.com', '1b7c4d5c317011f49415cdd72d39eaaa1d9a1869ed3c5b245ab648351b7c6e95', 'jl Cruz', '456789', NULL, 1, 2, NULL, '2016-09-05 00:00:00', NULL),
(245, 'Karina', 'Licea', 'Viñas', 'karinalicea@gmail.com', 'f04a97e00e2d2ec3dff13b5248f7e4e2756d8e83bda0b157ab52f063e37c9da3', 'Karina Licea', '+52(1)5516951141', NULL, 1, 2, NULL, '2016-09-05 00:00:00', NULL),
(246, 'Marisol', 'Rodríguez ', 'Campuzano ', 'noventagrados.decoracion@gmail.com', 'cce5d8ff1429c956d631e63fd5df361193b5e573fd4f32bb311ef78d214534c8', 'Marisol Rodríguez ', '43335168', NULL, 1, 2, NULL, '2016-09-06 00:00:00', NULL),
(247, 'ISABELLA', 'FLORES', 'BRIONES', 'isabellafbriones@gmail.com', 'd3ac01386b46300d8b02f80f61d2d9315570ec8370069bb5a8466e97e86b6865', 'ISABELLA FLORES', '5545551162', NULL, 1, 2, NULL, '2016-09-06 00:00:00', NULL),
(248, 'Ines ', 'De ovando', 'Carral', 'iovancar@gmail.com', 'f9ee09f8166a8ea2f370621131fbfc7ee4d90c6e310255c729fb390421b51109', 'Ines  De ovando', '55962252', NULL, 1, 2, NULL, '2016-09-06 00:00:00', NULL),
(249, 'ISRAEL', 'REMIREZ', 'CARREON', 'igc.arquitectos@gmail.com', '63907a19b3034aad4699b7b2d6ea58fb4f2aaf555972c461a7fbdc387cbb9820', 'ISRAEL REMIREZ', '6462484416', NULL, 1, 2, NULL, '2016-09-06 00:00:00', NULL),
(250, 'Arthur', 'Verraes', 'Lambelin', 'arthurverraes@hotmail.com', 'f183f417b8fb4923d98006882a3648c8903f8feab1e37e1f82c8726e628530fd', 'Arthur Verraes', '0032479681877', NULL, 1, 2, NULL, '2016-09-06 00:00:00', NULL),
(251, 'alejandra', 'aguirre', 'torrero', 'alejandra@hatestudio.com', '9bf3547f6a7427f0fbc5516200e9c0365e773e4fbbca592c0a068ea4cd62c255', 'alejandra aguirre', '52500447', NULL, 1, 2, NULL, '2016-09-06 00:00:00', NULL),
(252, 'Begona', 'Autrique', 'Perochena', 'bego_autrique@hotmail.com', '1697efba4dc82608c582a9967b83dfeb12552be716c262bd63e9b51c53924ec9', 'Begona Autrique', '5543531897', NULL, 1, 2, NULL, '2016-09-06 00:00:00', NULL),
(253, 'ADRIANA', 'FERNANDEZ', 'VIDAL', 'adrianafrubio@gmail.com', '6146036afeaa45fba952c578cf74adde22efd092aa35d4602c0cfd00638c3956', 'ADRIANA FERNANDEZ', '83033665', NULL, 1, 2, '', '2016-09-06 00:00:00', NULL),
(254, 'Abraham ', 'Madera', 'Limón', 'abraham@e314.mx', 'ccd95de1cbdba6bef0bf24e8945889ca5a0b4135e84cf9190b1c880826a3415a', 'Abraham  Madera', '36272752', NULL, 1, 2, NULL, '2016-09-06 00:00:00', NULL),
(255, 'PAOLA', 'CASTELLANOS', 'CASTELLANOS', 'pao.cast86@gmail.com', '1500481ebe289cae02ea197e763c14289e82274a9b4e8cb1df0697786718deb9', 'PAOLA CASTELLANOS', '3310851253', NULL, 1, 2, NULL, '2016-09-06 00:00:00', NULL),
(256, 'marcelo', 'cordova', 'esparza', 'arquitell@gmail.com', '46320e5197bda010c71d22df6d2f1a2aa6885ae3a939ce42d9a13f88ba780d2c', 'marcelo cordova', '8712368961', NULL, 1, 2, '61bac91bc92dbc2fe72a7523f763ce8e', '2016-09-06 00:00:00', NULL),
(257, 'Becky', 'Magaña', 'F', 'becky_magana@hotmail.com', '8fa09f1ab28233176bfb4213e963dfa29b06a3d642926bcde9fc91b5bbccceb0', 'Becky Magaña', '91317449', NULL, 1, 2, NULL, '2016-09-07 00:00:00', NULL),
(258, 'Jesus ', 'Martínez ', 'Lara', 'kary_fadul@hotmail.com', '5dbffae76bedbf517194e1bbf679e246b1d217ee19afaa65022b925939bdf9b2', 'Jesus  Martínez ', '55478902', NULL, 1, 2, NULL, '2016-09-07 00:00:00', NULL),
(259, 'Adalberto', 'Montaño', 'Medina', 'adaljardin@gmail.com', 'f02fb102ec33ef0b21d521ea1aba83971cbc7cb2f2724c828d40b6c034f90297', 'Adalberto Montaño', '6671036266', NULL, 1, 2, '', '2016-09-07 00:00:00', NULL),
(260, 'Armando', 'Meneses', 'Martinez', 'menemex4@msn.com', 'fdc2b94e1360a07c65a2f9f270727c335b9712772ff4eaf0773a82c95c0f7d36', 'Armando Meneses', '7773170523', NULL, 1, 2, NULL, '2016-09-07 00:00:00', NULL),
(261, 'julio cesar', 'guevara', 'landeros', 'nadie.89@hotmail.com', 'e298281c8c0575e037633984e838dfa2387ef6c6cd72a0530013b927c4581f39', 'julio cesar guevara', '5539376959', NULL, 1, 2, NULL, '2016-09-07 00:00:00', NULL),
(262, 'julio cesar', 'guevara', 'landeros', 'michucesar@gmail.com', '5603a689260006298ad7c03a1668c42bf3b7d4f7e0216f1983716dd472712788', 'julio cesar guevara', '5539376959', NULL, 1, 2, NULL, '2016-09-07 00:00:00', NULL),
(263, 'Lucas', 'Felipe', 'S:', 'lucas.senra@btgpactual.com', 'e6a71e73ec9a962343cfc6922a6e27c8cccae93d9a46237892cf3bf2534b4b12', 'Lucas Felipe', '5539806248', NULL, 1, 2, NULL, '2016-09-07 00:00:00', NULL),
(264, 'Luis Erick', 'Hernández', 'Gutiérrez', 'erick@heryco.mx', 'b9b0f5881294d4e08ecc154c0e32768480dc63b58c7f82b510aed2e558531f22', 'Luis Erick Hernández', '4422749127', NULL, 1, 2, '', '2016-09-07 00:00:00', NULL),
(265, 'MURO', 'ROJO', 'S.C.', 'administracion@murorojo.com', 'c5510f992f2a0b5f26593198234d5934695791315c556b0dd0ddc6a56e810d8e', 'MURO ROJO', '463620322', NULL, 1, 2, NULL, '2016-09-07 00:00:00', NULL),
(266, 'Karla Mariana', 'Alonso ', 'Garrido ', 'karla_mariana89@hotmail.com', '0bb48bff9f085f77dc9f10146c1daf9f3e5075655016978a4505f234902246f0', 'Karla Mariana Alonso ', '5527230318', NULL, 1, 2, '9ad22ac9ae8e15077945f0bc7572793e', '2016-09-07 00:00:00', NULL),
(267, 'Samuel', 'Lara', 'Sanchez', 'sam@lahabichuelamagica.com', '3e17cdf93ba228e90f7d921dae1ce8127848c3e394172ec6bbd8dbcd9870ec92', 'Samuel Lara', '8182717166', NULL, 1, 2, NULL, '2016-09-07 00:00:00', NULL),
(268, 'Alina Mireles', 'De Leon ', 'Lopez ', 'ceylet87@hotmail.com', 'a14b5b1bb7b7207bea425ef1099285a582c83c4e3cc3f615dbe349177f01edc6', 'Alina Mireles De Leon ', '7606991671', NULL, 1, 2, NULL, '2016-09-07 00:00:00', NULL),
(269, 'EMILIO', 'RAMIREZ', 'RAMIREZ', 'emilioramirez85@hotmail.com', '31ed13ae72c7fd13f232b268eff654f0a6f679e875a9daaf499bf971f4f5a2d5', 'EMILIO RAMIREZ', '52841000', NULL, 1, 2, NULL, '2016-09-07 00:00:00', NULL),
(270, 'Javier ', 'Sanchez', 'Hernández ', 'javvinci@yahoo.com.mx', '56ebe906e89f75e1e96dd372f65ca8515c2b749bed8f03680633aa86e1223a56', 'Javier  Sanchez', '4411375946', NULL, 1, 2, NULL, '2016-09-08 00:00:00', NULL),
(271, 'JORGE', 'BUSTAMANTE', 'LOPEZ', 'jorgebustamante_arq@hotmail.com', 'f1ddbbabc8ff8488ed9c8df4ac96f30d451a06d85d9bc5fb2429740681f506d7', 'JORGE BUSTAMANTE', '5514935871', NULL, 1, 2, NULL, '2016-09-08 00:00:00', NULL),
(272, 'Geovana', 'Arroyo', 'Manterola', 'chops_a@hotmail.com', 'f2610ef9fe8d479a00bd92444a89437d0600de298d33a0f3c4407596842561d1', 'Geovana Arroyo', '+52 (998) 155 65 30', NULL, 1, 2, NULL, '2016-09-08 00:00:00', NULL),
(273, 'Giovana', 'Arroyo', 'Manterola', 'govanela@hotmail.com', 'f2610ef9fe8d479a00bd92444a89437d0600de298d33a0f3c4407596842561d1', 'Giovana Arroyo', '+52 (998) 155 65 30', NULL, 1, 2, NULL, '2016-09-08 00:00:00', NULL),
(274, 'Mercedes.', ' Ramos', 'Lopez', 'mramoslpz@gmail.com', '49f7c69cd82aee272114214dec31cf3eba53394806c3cfa80eea7a1f5afdfacb', 'Mercedes.  Ramos', '956 693 1406', NULL, 1, 2, NULL, '2016-09-09 00:00:00', NULL),
(275, 'rebeca', 'bazan', 'rod', 'rebeca.bazan@gmail.com', 'abbfd6560c4733a70ad1ec0b3e6e8f5c68b71cd3de3026d4c905df156eb58d78', 'rebeca bazan', '5530112608', NULL, 1, 2, NULL, '2016-09-09 00:00:00', NULL),
(276, 'FERNANDO', 'ROJAS', 'MARTINEZ', 'arquaarquitectos@gmail.com', 'ea6932099350b9e03457ad748a2171bb3b2c292cd20047c15c6cd681e2868f27', 'FERNANDO ROJAS', '36411015', NULL, 1, 2, NULL, '2016-09-09 00:00:00', NULL),
(277, 'LOURDES', 'DEL VAL', 'COBO', 'l.delval@legorreta.org.mx', 'b3e523de6009512d823057e572c594477dce1753b35fd003c82bf29d14fada02', 'LOURDES DEL VAL', '52519698', NULL, 1, 2, NULL, '2016-09-09 00:00:00', NULL),
(278, 'Maria del Carmen', 'Fernández', 'Cabañas', 'marica_fdz@hotmail.com', 'f2e8d1c1939586f11247a175211573394cb5161c8e4e6c48454c52daee40cfff', 'Maria del Carmen Fernández', '5541670348', NULL, 1, 2, NULL, '2016-09-09 00:00:00', NULL),
(279, 'Alejandro', 'Elias', 'Agudo', 'alexeliasagudo@yahoo.com.mx', 'fb01064d95a98a9d9214189f79695cd02a7536d7ea82e01d5288500da40182ab', 'Alejandro Elias', '5527377402', NULL, 1, 2, NULL, '2016-09-09 00:00:00', NULL),
(280, 'Odette', 'Salazar', 'Cruz', 'odette.sc.22@gmail.com', '74c1c0e5979c7fcc3e54ed6d589bf6d52238893b80c0dfc80bc5cd4a203ba343', 'Odette Salazar', '3317730575', NULL, 1, 2, NULL, '2016-09-09 00:00:00', NULL),
(281, 'Gabriel', 'Mizrahi', 'Daniel', 'gabrielmizrahi@hotmail.com', 'a01d242b762249447e7d8abeebea0dfd040d6c83bbdecd8225733b5b4f683117', 'Gabriel Mizrahi', '5514527307', NULL, 1, 2, NULL, '2016-09-09 00:00:00', NULL),
(282, 'Pepe ', 'Diaz ', 'Monsorre', 'pepedias199888@hotmail.com', '19cb1b2c648c972de196e6a46f88c9058644d8003e9cab8caa718e226118dcf3', 'Pepe  Diaz ', '5514527307', NULL, 1, 2, NULL, '2016-09-09 00:00:00', NULL),
(283, 'Paulina', 'Gutiérrez', 'Brun', 'pgutierrezbrun@gmail.com', '4dbc1c3528ee3a9466739ca1197f63d96ab462dc888a5db4504e96669c84d9bd', 'Paulina Gutiérrez', '6623150190', NULL, 1, 2, NULL, '2016-09-09 00:00:00', NULL),
(284, 'Ilana ', 'Goldberg', 'Alerhand', 'ilana@ginteriores.com', '807ef0d8cde94eb6c39035fda25e7e6a2a5b32cc9eaadd2d1efa49cd77f11655', 'Ilana  Goldberg', '5530344952', NULL, 1, 2, NULL, '2016-09-09 00:00:00', NULL),
(285, 'Rosario', 'Barroso', 'Mateos', 'opr@adancarabes.com', 'ec4326c8e50eb0937ac00e583bc27e8b48470f64ad5a49e8bc495da7f5f42d22', 'Rosario Barroso', '55 4623 5623', NULL, 1, 2, NULL, '2016-09-09 00:00:00', NULL),
(286, 'Mario Alberto ', 'Romero ', 'Ruiz ', 'alberto.romero2986@gmail.com', '55bbfe21fb0c56465300bc22d4e63ad895a9736f5b24c0a6a91c7a8ddb10fc93', 'Mario Alberto  Romero ', '2221992386', NULL, 1, 2, NULL, '2016-09-09 00:00:00', NULL),
(287, 'Diana', 'Mendoza', 'Hernández', 'diana.m@metroarq.com', 'c0f352e0c9dd0e39202467afa17562e0e0e5e252e4dd34649f00c6a33a13d74a', 'Diana Mendoza', '8110684369', NULL, 1, 2, NULL, '2016-09-09 00:00:00', NULL),
(288, 'Alma', 'Garza', 'Valencia', 'garzaalma@prodigy.net.mx', '7c7b79bb23804a2a7f44c3ef441b522a7a3b638727a7e31bb9d2e8739e0b5863', 'Alma Garza', '55969914', NULL, 1, 2, NULL, '2016-09-09 00:00:00', NULL),
(289, 'ANTONIO ', 'VILLASENOR', 'LOZANO', 'viant59@yahoo.com', 'acc99a3a40a9f7c961b17351ea336434938cedebb142ae61c96e8b1743ef6944', 'ANTONIO  VILLASENOR', '427-2269666', NULL, 1, 2, '', '2016-09-10 00:00:00', NULL),
(290, 'Alexandra', 'Paez', 'Loza', 'alexandrapaezz@gmail.com', 'e6682a6bf94e6410cd7cd09912244a8acf2fa0f91b76780e8962ec519720b2d2', 'Alexandra Paez', '8145932116', NULL, 1, 2, NULL, '2016-09-10 00:00:00', NULL),
(291, 'felipe', 'echavarria', 'uribe', 'feliecha@gmail.com', 'fd2d33875131d39410f851c43a1cfdf8a77b2f25c97917386ce3a5040ec5c1ac', 'felipe echavarria', '5510404756', NULL, 1, 2, NULL, '2016-09-10 00:00:00', NULL),
(292, 'Sara', 'Michan', 'Saba', 'spenhos9@hotmail.com', '017a0fb672c35eb2cfad91811a2fcc50e36dab2203d5f9b7f31cddda930d5eb6', 'Sara Michan', '5566281658', NULL, 1, 2, NULL, '2016-09-10 00:00:00', NULL),
(293, 'Daniela ', 'Alvarez', 'Leano', 'danialvarezle@gmail.com', 'fd3415151f1d94f6adc9e2e782948e76fc68da5c5d52d20353b6e4d304299178', 'Daniela  Alvarez', '3339528604', NULL, 1, 2, NULL, '2016-09-11 00:00:00', NULL),
(294, 'Dan', 'Green', 'Renner', 'dangreen@doctor.com', '0c197ec0c1a47714820ec1db16ea219b465495f85f98e96974cdf38baef57228', 'Dan Green', '54247282', NULL, 1, 2, NULL, '2016-09-11 00:00:00', NULL),
(295, 'maria', 'guzman', 'guzman', 'gemelos4@prodigy.net.mx', '2e3a290188050626ac2c9331c485d3d58a333d4588d8386de356fabd201b22d1', 'maria guzman', '52827932', NULL, 1, 2, NULL, '2016-09-11 00:00:00', NULL),
(296, 'Carlos', 'lopez', 'arias', 'carloslopezarias@gmail.com', 'c0e5b64ebd5885565d766df0399c58e7560df2eacd41a3a8e4b9648a9fb2eae1', 'Carlos lopez', '5540492393', NULL, 1, 2, NULL, '2016-09-11 00:00:00', NULL),
(297, 'Ana Maria ', 'Alcobe', 'Alonso', 'anniealcobe@yahoo.com', 'fc4bfebb5f0538ff2d60a8c447fa19e584f3d401d6df504dfbf54ea0315994ce', 'Ana Maria  Alcobe', '5549554547', NULL, 1, 2, '2dc9631455f4c0c10aea7e7d5dace877', '2016-09-11 00:00:00', NULL),
(298, 'Eugenia ', 'Solís ', 'Loeza', 'eugenia.solisl@gmail.com', 'fc220f9e98a06f37d3327bdcb78477c441ad5199052416775b29954ea24aa988', 'Eugenia  Solís ', '9991630370', NULL, 1, 2, NULL, '2016-09-12 00:00:00', NULL),
(299, 'Ricardo', 'Guzman', 'Zamudio', 'rguzman1000@hotmail.com', '58f3a1467717911ae173889746c72df460a6978ce24084192d1b90bdbd05eacc', 'Ricardo Guzman', '5591977477', NULL, 1, 2, '', '2016-09-12 00:00:00', NULL),
(300, 'isaac', 'romano', 'micha', 'isaacromano1@gmail.com', '460816613b4c0a32b91b01ecd0e507332838af9c2b965e3aee058066fa568c41', 'isaac romano', '5559894998', NULL, 1, 2, NULL, '2016-09-12 00:00:00', NULL),
(301, 'Girdom', 'Diseño', 'Diseño', 'girdom@girdom.com', '729eb5f47c3124c540ccda3ab8056a7c49bbf2a61bd47d3b51a9117ac7fe024c', 'Girdom Diseño', '55702871', NULL, 1, 2, NULL, '2016-09-12 00:00:00', NULL),
(302, 'AGUSTIN', 'DOMINGUEZ', 'ALVAREZ', 'adomexny@yahoo.com', 'af3ae4fbeca0bdf63cf76c46b31e84e2eca956db3ad679bcba2446a64ebf1edd', 'AGUSTIN DOMINGUEZ', '55 3045 3921', NULL, 1, 2, NULL, '2016-09-12 00:00:00', NULL),
(303, 'Aidee', 'Viaña', 'Fregoso', 'copico@prodigy.net.mx', '5603a689260006298ad7c03a1668c42bf3b7d4f7e0216f1983716dd472712788', 'Aidee Viaña', '9615791514', NULL, 1, 2, NULL, '2016-09-12 00:00:00', NULL),
(304, 'Monica', 'Cuartas', 'Arcila', 'monicacuartasarcila@gmail.com', '523882cdf94fdd3e1c6344bd04300d2756b68a91c1d956362ddfd555c6d0336e', 'Monica Cuartas', '4424141822', NULL, 1, 2, NULL, '2016-09-12 00:00:00', NULL),
(305, 'Monica', 'Cuartas', 'Arcila', 'monicuartas21@gmail.com', '523882cdf94fdd3e1c6344bd04300d2756b68a91c1d956362ddfd555c6d0336e', 'Monica Cuartas', '44424141822', NULL, 1, 2, NULL, '2016-09-12 00:00:00', NULL),
(306, 'Ana', 'molina', 'belausteguigoitia', 'ana@rhyzoma.com', '230fa3ac135eb5c984fa5204d3b002b66a6efcc76edc734707c9769906b6d5e9', 'Ana molina', '5548001199', NULL, 1, 2, NULL, '2016-09-12 00:00:00', NULL),
(307, 'LILIANA', 'PONCE ', 'DE LEÓN', 'lilianapdlr@gmail.com', '3f5033bcc3726b3abcee7431fed99d3ad7bea4ce892bef2b0558c0bc98673ef5', 'LILIANA PONCE ', '0445529660510', NULL, 1, 2, '', '2016-09-12 00:00:00', NULL),
(308, 'lucrecia', 'lemme', 'maidana', 'lucrecialemme@yahoo.com.ar', '6a88140adcd3927859b1d2e493f6c6d4f4495f32ab3d462d1ad559ad2d476a63', 'lucrecia lemme', '81110994201', NULL, 1, 2, NULL, '2016-09-12 00:00:00', NULL),
(309, 'DANIEL', 'DAVID', 'BALAS', 'danydb7@hotmail.com', '0de8f7671dc38d67e02f7d7a646faa1ee26476057ae3d1f08c57d09d33ba3457', 'DANIEL DAVID', '55204789', NULL, 1, 2, NULL, '2016-09-12 00:00:00', NULL),
(310, 'Cristina', 'Hernández ', 'Aizpuru ', 'aizpuruc@hotmail.com', 'c871b32d6bdd1f2d347641436041095dcedeffa02ab0c7815c84db038418311c', 'Cristina Hernández ', '4408585', NULL, 1, 2, NULL, '2016-09-13 00:00:00', NULL),
(311, 'Diego', 'Hernandez', 'Diaz Infante', 'diegohdi@hotmail.com', 'e4deef6ca05b70f790c7018ad2460d4d88e1e988c01ec075d308be0ad809edc6', 'Diego Hernandez', '4442044655', NULL, 1, 2, NULL, '2016-09-13 00:00:00', NULL),
(312, 'Cristina', 'Hernández ', 'Aizpuru ', 'aoacha99@gmail.com', 'c871b32d6bdd1f2d347641436041095dcedeffa02ab0c7815c84db038418311c', 'Cristina Hernández ', '4408585', NULL, 1, 2, NULL, '2016-09-13 00:00:00', NULL),
(313, 'Cristina', 'Hernandez', 'Aizpuru', 'orendain@tequiladonroberto.com', 'c871b32d6bdd1f2d347641436041095dcedeffa02ab0c7815c84db038418311c', 'Cristina Hernandez', '4408585', NULL, 1, 2, NULL, '2016-09-13 00:00:00', NULL),
(314, 'CLAUDIA', 'TOLEDO', 'MINONDO', 'admonpaisajismo@hotmail.com', '8e1e53973693cfc4e86d490b3500da8ab97ad7e8268ec6a70bd979d7c22aeabb', 'CLAUDIA TOLEDO', '4441423020', NULL, 1, 2, '', '2016-09-13 00:00:00', NULL),
(315, 'rga', 'arquitectos', 'sa', 'ramon@rgaarquitectos.com', 'bfbcd152834d80032b95108b225e19132d289676c12fb1ff0914887a8a182708', 'rga arquitectos', '11014109', NULL, 1, 2, NULL, '2016-09-13 00:00:00', NULL),
(316, 'Ramon', 'Galante', 'Rom', 'ramongalante@hotmail.com', '6673e71285fdc2c432e93cd3e90444a561f8c8bdef321fea4863bb87c0539515', 'Ramon Galante', '11014109', NULL, 1, 2, NULL, '2016-09-13 00:00:00', NULL),
(317, 'MARISOL', 'GONZALEZ DE COSIO', 'ELOLA', 'm.gdecosio@nacionaldeoficios.com', '99c5e6aca548900fff11eadf2763a87d1450ad6e16c99c24828a71e31564d238', 'MARISOL GONZALEZ DE COSIO', '0445585393685', NULL, 1, 2, '', '2016-09-13 00:00:00', NULL),
(318, 'Viciana', 'Ruiz escoto', 'Gomez', 'vivianareg@gmail.com', '36c98d6d6070e7ffb0d2ff42d0d7b6fb747b24153d4990d377fc4be21353ee07', 'Viciana Ruiz escoto', '3334962692', NULL, 1, 2, NULL, '2016-09-13 00:00:00', NULL),
(319, 'KARLA ', 'MANDUJANO', 'MARTINEZ', 'kmandujano@decoupage.mx', '1be05b0f6e52df942bbb45f7e8a9067d59c52555100dbea74543bda53daf6d8e', 'KARLA  MANDUJANO', 'N/A', NULL, 1, 2, NULL, '2016-09-13 00:00:00', NULL),
(320, 'Karol', 'Orea', 'Quiroz', 'karol_orea@yahoo.com.mx', '899722ddafbe2040bb14848b54ca157485edc7235cd076b397264594ebf56081', 'Karol Orea', '2226925411', NULL, 1, 2, NULL, '2016-09-13 00:00:00', NULL),
(321, 'Veronica ', 'Sola ', 'Muñoz ', 'vsola09@gmail.com', 'd772f5710883830985701fed21313aaca68da9674888b0043c2c84b62eb026be', 'Veronica  Sola ', '5530093238', NULL, 1, 2, NULL, '2016-09-13 00:00:00', NULL),
(322, 'ileana', 'avila', 'talancon', 'ileanaavilat@gmail.com', '74abacbedd8b45f699134cffe88b9151534e5b3efbb48300f61c8b5c30966e05', 'ileana avila', '5555706058', NULL, 1, 2, NULL, '2016-09-13 00:00:00', NULL),
(323, 'Karina', 'Galindo', 'Butrón', 'karina.galindo@realceylujo.com', '9d9a1838b05744f4d0539822d15c9b413092ed972247f8959b23010cb6aa4aa0', 'Karina Galindo', '56772819', NULL, 1, 2, '', '2016-09-13 00:00:00', NULL),
(324, 'Diana ', 'Mercado ', 'Gonzalez', 'espacioporcelana@gmail.com', '2cb046e692d7dfbf4040735d6c8c8f546e50f92107a478fd2e404105eaadf389', 'Diana  Mercado ', '3312864300', NULL, 1, 2, NULL, '2016-09-14 00:00:00', NULL),
(325, 'Ricardo', 'Aguilar', 'Urbina', 'ricardoagrga@gmail.com', '2ce1df4b10045de020eec706bb4e38351c111e3c0330f001baa50058cc24f0cb', 'Ricardo Aguilar', '5540156022', NULL, 1, 2, NULL, '2016-09-14 00:00:00', NULL),
(326, 'Christopher ', 'Hernandez ', 'Romero ', 'arq_hdezromero@hotmail.com', '291f79ca38d0a290cd484797133d18d4761892d5e050e4a937426f3710d199c9', 'Christopher  Hernandez ', '4426010074', NULL, 1, 2, NULL, '2016-09-14 00:00:00', NULL),
(327, 'Guillermo ', 'Ramos', 'Lara', 'gmorala@gmail.com', '20b78547499f8bc32a080ccedfbb9c75d2fe4d9c0fb79a62fe241fa2fddaa9df', 'Guillermo  Ramos', '3311569029', NULL, 1, 2, NULL, '2016-09-14 00:00:00', NULL),
(328, 'OSCAR ALONSO', 'HERNANDEZ', 'MUÑOZ', 'oscar.hernandez@queenconstructora.com', 'b1a90dc56defd981c6919b23a7767053ca7d7c35fb1777d9ec7546dcf543da13', 'OSCAR ALONSO HERNANDEZ', '4646561924', NULL, 1, 2, NULL, '2016-09-14 00:00:00', NULL),
(329, 'Larissa', 'Murillo', 'Gardoni', 'larissamurillo@hotmail.com', '2ace1aa80ed7dc19a83db8c21d57321cff06108e32e2cebdbd40bca4c4be1705', 'Larissa Murillo', '8112692500', NULL, 1, 2, NULL, '2016-09-15 00:00:00', NULL),
(330, 'evelyn', 'cooke', 'palomares', 'ecp_18@hotmail.com', '1dd1d6db4b920e18ffecef3a32b7fc06bce23a5fad54510566b1328e47226329', 'evelyn cooke', '6621240224', NULL, 1, 2, NULL, '2016-09-15 00:00:00', NULL),
(331, 'Alejandro ', 'Camacho ', 'Traslosheros', 'a.camachotraslosheros@yahoo.com.mx', 'bc84f4ab7b1ed4e75807a7faa99abc297894ab710d6c479e6b3ae6a6b405855b', 'Alejandro  Camacho ', '2228286754', NULL, 1, 2, NULL, '2016-09-15 00:00:00', NULL),
(332, 'CAROLINA ', 'VALDEZ', 'CORONA', 'gerenciadh@dues.com.mx', '3b46f5291e6e9f9c414db9726dc7f6b580d4c8a0a9830e8e1e50367eb2a314d8', 'CAROLINA  VALDEZ', '6691207912', NULL, 1, 2, NULL, '2016-09-15 00:00:00', NULL),
(333, 'ELVIA NATIVIDAD', 'USCANGA', 'AGUILERA', 'esperanza_0520@yahoo.com.mx', '651c0fcc571bfbc1c4e43e367b45fe5b661071ff3d8c68204ac2c0d2e2936555', 'ELVIA NATIVIDAD USCANGA', '2292094310', NULL, 1, 2, '', '2016-09-16 00:00:00', NULL),
(334, 'Liliana', 'Lavin', 'Ramirez', 'llavinr@hotmail.com', 'cc152d31f2a40f47a2a6397dc88293d210f8c6fb7bc02485f20d414a665887bc', 'Liliana Lavin', '3331372939', NULL, 1, 2, NULL, '2016-09-17 00:00:00', NULL),
(335, 'Hortensia', 'Serrano', 'Canseco', 'hserranoc@prodigy.net.mx', '29ab5bf2f659742f89382ff9dbdf1e2a3c2a679128d2dec657b81de540666a27', 'Hortensia Serrano', '8110990995', NULL, 1, 2, NULL, '2016-09-17 00:00:00', NULL),
(336, 'Susana ', 'Morales ', 'Garduño', 'susimoran@me.com', '7f9b10e203d9107875587d2ec6b75a7c5a5da87426ebbb9317d93c2082d15044', 'Susana  Morales ', '4422393698', NULL, 1, 2, NULL, '2016-09-17 00:00:00', NULL),
(337, 'ricardo', 'montesinos', 'oropeza', 'richard_mo16@hotmail.com', 'a05372b7b5723e639ea971fc28d37986fa081fcc208083521ce59dd39c1c851a', 'ricardo montesinos', '58246998', NULL, 1, 2, NULL, '2016-09-17 00:00:00', NULL),
(338, 'Cath', 'Lop', 'Pay', 'cathlopezp@gmail.com', '9b62957ae063d0942657461a8b34e5f50b381bfff3dbcf4982fe1749b656ddb4', 'Cath Lop', '811 802 9159', NULL, 1, 2, NULL, '2016-09-17 00:00:00', NULL),
(339, 'teresa', 'cristo', 'guzzy', 'teresa@travesiasmedia.com', '766c57be69d3ae7c22e3fd617423aac514dbcf68c4076a48fc25726cb9d60c71', 'teresa cristo', '52114000', NULL, 1, 2, NULL, '2016-09-17 00:00:00', NULL),
(340, 'Ana', 'Foncerrada ', 'Montaño', 'anafoncerrada@hotmail.com', 'f1aa037f75dee16f2f2ddc174db37d7d92845eca74bf65212f1390a7c20ad555', 'Ana Foncerrada ', '55681214', NULL, 1, 2, '', '2016-09-18 00:00:00', NULL),
(341, 'Luz', 'Gomez', 'Landa', 'luzdegomezl@yahoo.com', '43af2a4997b7e5fcffdef631383515fb80f3db94d378181a6fa389c8b5dc7424', 'Luz Gomez', '555234561', NULL, 1, 2, NULL, '2016-09-18 00:00:00', NULL),
(342, 'Hugo', 'Lamas', 'García', 'hugolamasgarcia@gmail.com', '60cf3a9cf21877957cab5fd751cb4a98e3b63a15f421577ba31df1392252e089', 'Hugo Lamas', '4492235473', NULL, 1, 2, NULL, '2016-09-18 00:00:00', NULL),
(343, 'Ana', 'P', 'F', 'sofiana230@hotmail.com', '0e3e013578c4156aac8ebeb9de4bac09de2ab65c35c3882538fcdcfd422b0a28', 'Ana P', '10857761', NULL, 1, 2, NULL, '2016-09-18 00:00:00', NULL),
(344, 'Eugenio', 'Garza', 'Galvez y Fuentes', 'ceciliogarza@hotmail.com', '88eb048831825dee3d99059160cecad1747471561198c31a95546b67c3f9e66b', 'Eugenio Garza', '5533998152', NULL, 1, 2, NULL, '2016-09-18 00:00:00', NULL),
(345, 'Maria', 'Sanchez', 'Bolaños', 'rey_des24@hotmail.com', '0a1be83a48e73322f727ad8b9b26b06477ad5f34ae7306bb21a0eeaa767167d3', 'Maria Sanchez', '4424438570', NULL, 1, 2, '278f1c8e5f4877dc02ceea7ecfa1e5ea', '2016-09-18 00:00:00', NULL),
(346, 'ANDRES', 'ALEJOS', 'JIMENEZ', 'andres@mumo.com.mx', '341a35a3b515bb7c08c1e2964b82d081aa7097e03aa0404f5506190fa2d9fc6a', 'ANDRES ALEJOS', '3312445721', NULL, 1, 2, NULL, '2016-09-18 00:00:00', NULL),
(347, 'Paulina', 'Rodríguez ', 'Vadillo', 'paurod_89@hotmail.com', '46ae05e1c7021232bd42fce854f28c63e82b285dd694dd3595da6b3fbc07a3eb', 'Paulina Rodríguez ', '9992176034', NULL, 1, 2, NULL, '2016-09-18 00:00:00', NULL),
(348, 'Sergio', 'Caballero', 'Guzman', 'sergiocaballerog@hotmail.com', '52efcda417474722eec0ede19976b3f6e1018b046128041cbf4e5f0e305348b9', 'Sergio Caballero', '7828180302', NULL, 1, 2, NULL, '2016-09-18 00:00:00', NULL),
(349, 'emiliana', 'cilibrizzi', 'cilibrizzi', 'emilianacilibrizzi@hotmail.com', 'fccb98ebe683cadfc157e21940ecf3bd94a5beebfb5ac00bcd0f693bc2840114', 'emiliana cilibrizzi', '9848064502', NULL, 1, 2, NULL, '2016-09-19 00:00:00', NULL),
(350, 'Maria Elena', 'Valdivia', 'Avila', 'elenavaldivia01@hotmail.com', '3bc7480eb942e0cde4edf9a8f9991b81b0175b3380b5698087f3c1b6d9eba68c', 'Maria Elena Valdivia', '(33) 1163 0621', NULL, 1, 2, NULL, '2016-09-19 00:00:00', NULL),
(351, 'ANA', 'GUTIERREZ', 'MAYO', 'ana@agdginteriores.com', 'b86e095e851788d19bd867347b3884eb87240660de0b45818a04d44eee214c9e', 'ANA GUTIERREZ', '5555700155', NULL, 1, 2, NULL, '2016-09-19 00:00:00', NULL),
(352, 'María José ', 'Rizo ', 'Olvera', 'rizo.mariajose@gmail.com', 'c9cd899d7bcc5e5adffa62623085963f191868d9af7a274ffdf23cac2ef0f98d', 'María José  Rizo ', '3331899516', NULL, 1, 2, NULL, '2016-09-19 00:00:00', NULL),
(353, 'Montserrat', 'Uribe', 'Santoyo', 'vmuribes@libertad.com.mx', 'eeca0d4ae7ee812ea8db0e9ae90dac4d86368f996f04ae6de27d61cbc74845e5', 'Montserrat Uribe', '4422022985', NULL, 1, 2, NULL, '2016-09-19 00:00:00', NULL),
(354, 'OSCAR', 'MARQUEZ', 'MEES', 'oscar.marquez@gi-de.com', '9f9e486551edf30efb444d4b339fc330c4a7c5b45eb8e186c4c40140aa90c906', 'OSCAR MARQUEZ', '5550399999', NULL, 1, 2, NULL, '2016-09-19 00:00:00', NULL),
(355, 'Leslie ', 'Navarro', 'Lomelí', 'leslie@namuhmex.com', '72bbda7145748575e481378e3a74897cf925e7068d001f5f70bf6fd6892bd2ce', 'Leslie  Navarro', '6181381711', NULL, 1, 2, NULL, '2016-09-19 00:00:00', NULL),
(356, 'Rosario Del Carmen', 'Ochoa', 'Gutiérrez', 'gorc84@gmail.com', 'e3763a3e45cd611353eae7835fbc39d30f97920a353bc70961627a2d44e89439', 'Rosario Del Carmen Ochoa', '8712233985', NULL, 0, 2, NULL, '2016-09-19 00:00:00', NULL),
(357, 'Cris', 'Pérez', 'Muñoz', 'cris.pzmz@gmail.com', '876b2e3b820a92190db3baba1995960d9ba656f4d08ec33fef2a415aa1f0f89d', 'Cris Pérez', '2225991033', NULL, 1, 2, NULL, '2016-09-19 00:00:00', NULL),
(358, 'Brenda', 'R.', 'Vilchis', 'bren.v96@gmail.com', 'df4c9b89405529ffb433f5263241fd3b7c1dcbd33d1a29b585d594c8d248c2a3', 'Brenda R.', '5567032008', NULL, 0, 2, NULL, '2016-09-19 00:00:00', NULL),
(359, 'natalia', 'morales', 'a', 'natocs@hotmail.com', '11c3bed6740b91dd900344d1b4780e75e145db6443dcc11506bab5f30094a189', 'natalia morales', '8442771068', NULL, 0, 2, NULL, '2016-09-20 00:00:00', NULL),
(360, 'Andrea', 'Madrazo', 'Martin', 'andreux81@hotmail.com', 'f4e2f80e097c433f30582fafcf5a8ccf6055011eab21e070af6058d6a17165fd', 'Andrea Madrazo', '5540344025', NULL, 0, 2, NULL, '2016-09-20 00:00:00', NULL),
(361, 'CHEVO', 'GOYENECHE', 'CORREA', 'chevogoyeneche@gmail.com', '8006e06f81aee9fa8171e4544104d27c93edf822fd26fd30605b97b9374eb118', 'CHEVO GOYENECHE', '4423013371', NULL, 0, 2, NULL, '2016-09-20 00:00:00', NULL),
(362, 'Alejandra', 'Del real ', 'Godinez ', 'delreal_ale1@hotmail.com', '701bfcfffdf258f17e4d8d5df1e02a3d47687e03782976abb962a7e80ee663d8', 'Alejandra Del real ', '3318911850', NULL, 0, 2, NULL, '2016-09-20 00:00:00', NULL),
(363, 'Rita', 'Canto ', 'Vergara', 'ritacanto@yahoo.com', '56d0b4ae41097547fed458c4e4f2a739f2f9d21cc1956ecd7d79228798679d5a', 'Rita Canto ', '5539931906', NULL, 1, 2, NULL, '2016-09-20 00:00:00', NULL),
(364, 'Jorge miguel ', 'Karam ', 'Jimenez ', 'drskaram@hotmail.com', '391164d7a01051c5a80e8f612c02b58405bf8f158f625233d42aa6b514937ee8', 'Jorge miguel  Karam ', '5516647227', NULL, 0, 2, NULL, '2016-09-20 00:00:00', NULL),
(365, 'karla', 'dahdah', 'paganoni', 'karlagoudet@earthlink.net', 'd7587448c3278636f70a07820b9bf12871751bc7953eadb63c727fbe6c5c8a6d', 'karla dahdah', '0012818466292', NULL, 0, 2, NULL, '2016-09-20 00:00:00', NULL),
(366, 'KARINA', 'ARAGON ', 'FONSECA', 'KARINA@STUDIOK.COM.MX', '8501df9b5f7047e2f6340a191bf2e1a0550da87820ad72e87a8b9835ee9d433e', 'KARINA ARAGON ', '6241776400', NULL, 1, 2, NULL, '2016-09-20 00:00:00', NULL),
(367, 'Alejandro', 'Sánchez', 'Gnecchi', 'alexgnecchi@hotmail.com', '50835e90384e8ee088b281351349115529071272f10704cb8c03192a5fac480d', 'Alejandro Sánchez', '4432279785', NULL, 1, 2, NULL, '2016-09-20 00:00:00', NULL),
(368, 'randa', 'gebara', 'b', 'rgebara@gmail.com', 'ba0be3b62517d34a228a9b056a55e8ccff54da374b355dbb5071c274289a576d', 'randa gebara', '55283042', NULL, 1, 2, NULL, '2016-09-20 00:00:00', NULL),
(369, 'Eduardo', 'Suárez Herrera', 'Suárez Herrera', 'arq.eduardosuarezh@gmail.com', '6db3e189e3b5af534da2381911c80d638c586d13584147d3aeb077817b2b49d3', 'Eduardo Suárez Herrera', '5524554347', NULL, 1, 2, NULL, '2016-09-20 00:00:00', NULL),
(370, 'JORGE', 'MEDINA', 'ROBLES', 'contacto@murorojo.com', 'c5510f992f2a0b5f26593198234d5934695791315c556b0dd0ddc6a56e810d8e', 'JORGE MEDINA', '+55 46320322', NULL, 0, 2, NULL, '2016-09-20 00:00:00', NULL),
(371, 'carlos', 'ruiz', 'alejandre', 'ruizalejandrec@hotmail.com', 'a0bb09bc0d8bb1601b469ff1dad0bc605b3e1570a6ef5da0280508394b8cdfa5', 'carlos ruiz', '3275534', NULL, 0, 2, NULL, '2016-09-21 00:00:00', NULL),
(372, 'Fer', 'Castillo', 'Macias', 'ferky_cm@hotmail.com', '966bebb08bf84e6a23e11cb70aa1ab670cf79bdc0091cf65585577f779aa8f98', 'Fer Castillo', '5519638354', NULL, 0, 2, NULL, '2016-09-21 00:00:00', NULL),
(373, 'Maria', 'Macias', 'Bustamante', 'mfernanda.castillom@gmail.com', '90170697d9f8ca145415a9a1aa64cd2a302017538554e29642274e1f1132f2d2', 'Maria Macias', '5519491654', NULL, 0, 2, NULL, '2016-09-21 00:00:00', NULL),
(374, 'Karla', 'Morales', 'Pascual', 'karmopas@yahoo.com.mx', 'f6f76041aaf7bce29d1c1ec4f9a2b5d457712e424bc97391fcc6f5874c05b035', 'Karla Morales', '9511283245', NULL, 0, 2, NULL, '2016-09-21 00:00:00', NULL),
(375, 'Sonia', 'Ortega', 'Stark', 'soniac1are@hotmail.com', 'c1e195f7fa7f133e11982af085329694eea3bf5fd2a4779eccd7493b72c5c264', 'Sonia Ortega', '5525615467', NULL, 0, 2, NULL, '2016-09-21 00:00:00', NULL),
(376, 'roberto', 'flores', 'rodriguez', 'robert1367@hotmail.com', 'e984c34d1a48bafe32b6fd4e4b8300c3c241cc8164b2f7dc1ea4816ca6ccee49', 'roberto flores', '55283042', NULL, 1, 2, NULL, '2016-09-21 00:00:00', NULL),
(377, 'jimena', 'betancourt', 'figueroa', 'd.interioresjimena@gmail.com', '862d16597fba865a9db191ea345cd1afe320174c37509dc5fe924d50e43eb512', 'jimena betancourt', '3338152020', NULL, 1, 2, NULL, '2016-09-21 00:00:00', NULL),
(378, 'Monica', 'Cedillo', 'Gonzalez', 'monica.cedillo@realceylujo.com', '9d9a1838b05744f4d0539822d15c9b413092ed972247f8959b23010cb6aa4aa0', 'Monica Cedillo', '5677226', NULL, 1, 2, NULL, '2016-09-21 00:00:00', NULL),
(379, 'Paola', 'Barron', 'JUstiniano', 'paola@empiricainteriores.com', '8354249dbcc4916fb75b44a1dc7e9ede196a2e1c9b8e6cb7f56eb8c251f4d291', 'Paola Barron', '5530169754', NULL, 1, 2, NULL, '2016-09-21 00:00:00', NULL),
(380, 'ana lilia ', 'gil', 'medina', 'agil@optimusgli.com', '461c93f6503d2b39e25a0221724bf6d83e1f0d8007d662fea65fd1999198e251', 'ana lilia  gil', '998 351 02 40', NULL, 0, 2, NULL, '2016-09-21 00:00:00', NULL),
(381, 'Marcia', 'Herrera', 'Álvarez ', 'marciaherreraalvarez@gmail.com', 'eb955b18e2c464f4c7d9184e233ceda76109e51feb734c8ae781f76631b18514', 'Marcia Herrera', '4431289590', NULL, 1, 2, NULL, '2016-09-22 00:00:00', NULL),
(382, 'zayrha', 'govea', 'rivera', 'govea_zayrha@hotmail.com', '789a790b7e6c42b3271d88b4592844a306cd802a9112bfa3d32ea89364a90d2c', 'zayrha govea', '6241217626', NULL, 0, 2, NULL, '2016-09-22 00:00:00', NULL),
(383, 'Juan Carlos', 'Rodriguez', 'Garcia', 'juancados@gmail.com', '1f6ff3fc7e7866ac9ebd86cda0ffde72edf44bbc3949aa0ccd18399dba461886', 'Juan Carlos Rodriguez', '+52155 385 278 93', NULL, 1, 2, NULL, '2016-09-22 00:00:00', NULL),
(384, 'Karla', 'Galindo', 'Butrón', 'karla.galindo@realceylujo.com', 'baff40bacf635e96e7d772592f57fd57500bd3bf2df66d6e955914516a0ba9da', 'Karla Galindo', '5551050011', NULL, 1, 2, NULL, '2016-09-22 00:00:00', NULL),
(385, 'lourdes', 'garcia', 'serna', 'spunylulu@hotmail.com', 'de5d91ca84db19bbad10941be8a5f04e089824a040c4dbb48fcb2b8c2d970515', 'lourdes garcia', '4646467713', NULL, 0, 2, NULL, '2016-09-22 00:00:00', NULL),
(386, 'Mar', 'Vercher', 'Morgades', 'mar.vercher@gmail.com', '58e1c30da0615a7dd140d9c7e8094d7d398b3c232e3afa56df5cd3814b9768d3', 'Mar Vercher', '626231966', NULL, 0, 2, NULL, '2016-09-22 00:00:00', NULL),
(387, 'CLAUDIA ', 'MEZA', 'PALACIOS', 'flacameza@yahoo.com.mx', '2895cc663ed0e9a046ae1d07218713709cd51b0e8b3625c293f7ce09648cf0e1', 'CLAUDIA  MEZA', '5554373055', NULL, 1, 2, NULL, '2016-09-22 00:00:00', NULL),
(388, 'Maria', 'Pizzuto', 'Villalobos', 'mapizzuto@hotmail.com', '10887117cf154084927c6c4922061e63e6bf45c61d2e9d6b0b01a6169ff741c6', 'Maria Pizzuto', '4448295609', NULL, 0, 2, '28899666fd78db5b45403312f57bd21f', '2016-09-22 00:00:00', NULL),
(389, 'Fernanda', 'Quezada', 'Benavides', 'feryiqb@gmail.com', '0855aa203febe915aa04352a493c7edfabfa0a751dfec517e50c29cbfee2f5dd', 'Fernanda Quezada', '3313130510', NULL, 0, 2, NULL, '2016-09-23 00:00:00', NULL),
(390, 'Fernanda', 'Quezada', 'Benavides', 'ferquezadilla@hotmail.com', '0855aa203febe915aa04352a493c7edfabfa0a751dfec517e50c29cbfee2f5dd', 'Fernanda Quezada', '3313130510', NULL, 0, 2, NULL, '2016-09-23 00:00:00', NULL),
(391, 'ENRIQUE', 'GARCIA', 'MEDEL', 'medel_31@hotmail.com', '1c882faabe7f5b632817a9b1ba979fbf4f40b4e07bda9282055cd6c927797da2', 'ENRIQUE GARCIA', '4696920456', NULL, 0, 2, NULL, '2016-09-23 00:00:00', NULL),
(392, 'antonio', 'teran', 'teran', 'antonioteran@hotmail.com', '0aa97c69bf9337de46a695d9483b8ca4b4f3844e6cf47ff0a48b9bdf87061f1c', 'antonio teran', '5552900946', NULL, 0, 2, '380b2d7f1df02d4694aa4ad968291b85', '2016-09-23 00:00:00', NULL),
(393, 'rossana ', 'rios', 'castilla', 'rossana_rios@hotmail.com', 'a5058781f973eec49630593dadd6d0eac6d78b9311807e29e4ec1e393ad3bf76', 'rossana  rios', '9992334993', NULL, 0, 2, NULL, '2016-09-23 00:00:00', NULL),
(394, 'Marisol', 'Hernandez', 'Diaz', 'intdesign@marisol-hd.com', 'a1523adbd2af074b9c6412600634dfa90d0e651c13b60c1bf8e70d98673256d3', 'Marisol Hernandez', '3310953280', NULL, 0, 2, '', '2016-09-23 00:00:00', NULL),
(395, 'Sofia', 'Roches ', 'Herrerias', 'sofiaroches@hotmail.com', '2400e1d9689a995324e85eaefb3a9fafa91eb1c65aa04a19daf6e75e1701a3ee', 'Sofia Roches ', '5552475167', NULL, 0, 2, '', '2016-09-23 00:00:00', NULL),
(396, 'Marisol', 'Hernandez', 'Diaz', 'marisol.hdiaz@gmail.com', '75b22bd8e214a3b09ada0bbd708204fceada1f093532515a8c92e2116fc2d07b', 'Marisol Hernandez', '3310953280', NULL, 1, 2, NULL, '2016-09-23 00:00:00', NULL),
(397, 'EDNA VERONICA', 'MONTENEGRO', 'MARTINEZ', 'ednavmm@gmail.com', 'b692bd71fed7ab3ae9d8d5889a083231e640e6814ad86856ee8af609c4049226', 'EDNA VERONICA MONTENEGRO', '4448152392', NULL, 1, 2, NULL, '2016-09-23 00:00:00', NULL),
(398, 'irene', 'Galindo', 'ramirez', 'irenegal_ra@hotmail.com', '0ef22482e40ef86cdcd4569f3e8ddf08e01ba8e7481bb916a429742de819ea76', 'irene Galindo', '4441132145', NULL, 0, 2, NULL, '2016-09-23 00:00:00', NULL),
(399, 'Belem', 'Venegas', 'Mendoza', 'design.bvm@gmail.com', '1742e60edc74300871ca9b3e4661e561eca9331e38272652041bd3cfae942950', 'Belem Venegas', '5513371244', NULL, 1, 2, NULL, '2016-09-23 00:00:00', NULL),
(400, 'Regina', 'Martínez', 'Castro', 'reja_09@hotmail.com', 'bdc108438ba4cb6097df189fae17aca4bc9a0d5bd9ee60e811311a0c0abfb2c5', 'Regina Martínez', '8181853815', NULL, 0, 2, '', '2016-09-23 00:00:00', NULL),
(401, 'Rodrigo', 'de Pedro', 'Barreto', 'rorrodep@yahoo.com', '518f07080102657f1ce8e5b81e34085bbe389008e25663e693e0d686b2ef87ed', 'Rodrigo de Pedro', '53393080', NULL, 1, 2, NULL, '2016-09-23 00:00:00', NULL),
(402, 'Kitty ', 'Murillo', 'Alvarez', 'kittymurilloa@hotmail.com', '7312ebe1237aa1a3054256f754d696863e7f96c4bd77b7124beaf40e334006c0', 'Kitty  Murillo', '2224049432', NULL, 0, 2, NULL, '2016-09-23 00:00:00', NULL),
(403, 'angeles ', 'castillo', 'sanchez', 'angeles@dionnearquitectos.com', '750ce4a2571ac9b3770d5ecda257abf32dfdf25c92b1af7c771fb5c2380fc106', 'angeles  castillo', '2222993595', NULL, 1, 2, NULL, '2016-09-23 00:00:00', NULL),
(404, 'Estefania', 'Araiza', 'López', 'estefania.araiza@gmail.com', 'c978202d1e0c6085f43222df145297e3ccdb2988f12d164b07e9a9ba9de01e70', 'Estefania Araiza', '6141690002', NULL, 1, 2, NULL, '2016-09-23 00:00:00', NULL),
(405, 'Berenice', 'Mizugay', 'Cruz', 'beeremc@gmail.com', '641e32a8bdb31d8445bb9b61462f8992c7fe0543d964d38bff701cb12c1e1334', 'Berenice Mizugay', '6622797119', NULL, 1, 2, NULL, '2016-09-23 00:00:00', NULL),
(406, 'Cristina ', 'Hofer', 'Peyon', 'cristihofer@gmail.com', '783ba99fc18c0c2a1215ef81137a907c217725d848dfe477d9d09ebd95917cc6', 'Cristina  Hofer', '9541103154', NULL, 1, 2, NULL, '2016-09-23 00:00:00', NULL),
(407, 'María Luisa', 'Ramirez', 'Melo', 'maluisarmelo@hotmail.com', '816a3a07db9ad4b91d651e14fcbe78516cb61b4e57b04fdbe84c078ed7194682', 'María Luisa Ramirez', '4615469770', NULL, 0, 2, '', '2016-09-23 00:00:00', NULL),
(408, 'Elizabeth', 'Saldivar', 'Piñón ', 'elizabeth@tallerveinticuatro.com', 'b0e04948e96e10c3860f4a47c1defa65fd747cb650834913c1b039e7b0d242db', 'Elizabeth Saldivar', '5523090855', NULL, 1, 2, NULL, '2016-09-23 00:00:00', NULL),
(409, 'yuridia', 'martinez', 'mendez', 'yuridiamartinez_interiores@hotmail.com', 'f21e900602d04291ab57e0c21e32fcf82b1be43278439e056e4ea72ed10f50a9', 'yuridia martinez', '0443313618510', NULL, 0, 2, 'd4f18edd268f783551dcac6274436ed4', '2016-09-23 00:00:00', NULL),
(410, 'ANA', 'ROSENZWEIG', 'PAGES', 'anarosen11@gmail.com', '600bda5f6f05fe4e06b0ce2b7b5833e12917fa4479b6cfccf988ccc2aa3d5055', 'ANA ROSENZWEIG', '5560663560', NULL, 1, 2, NULL, '2016-09-23 00:00:00', NULL),
(411, 'alonso', 'escalante', 'borrell', 'alonso.e@me.com', '9331fd67d4936a0bdcdd7ef6c308e03b4e1bfeb9af6f4db3add22978abc390ad', 'alonso escalante', '2222153735', NULL, 1, 2, NULL, '2016-09-23 00:00:00', NULL),
(412, 'Gricelia', 'Llorente', 'Suarez', 'griceliaa@hotmail.com', 'bdc108438ba4cb6097df189fae17aca4bc9a0d5bd9ee60e811311a0c0abfb2c5', 'Gricelia Llorente', '5345603869', NULL, 0, 2, 'fa40c237f44732df669cf5b844da140d', '2016-09-24 00:00:00', NULL),
(413, 'Muriel', 'Zavatarelli', '...', 'mumizavatarelli@gmail.com', 'f5dbd02db948343241655afc49fd6314340d4075d9580c484d43e40411a2614a', 'Muriel Zavatarelli', '4427131335', NULL, 1, 2, NULL, '2016-09-24 00:00:00', NULL),
(414, 'marian', 'SOBERA', 'padilla', 'emese38@gmail.com', '85b0ca904b34093c05d56b78cccfa0fb0613e108220f686b5db559e84ca7db18', 'marian SOBERA', '4731192511', NULL, 1, 2, NULL, '2016-09-24 00:00:00', NULL),
(415, 'Hugo', 'Padilla', 'Rougon', 'hrougon@hotmail.com', '639a98d93c8c7b120e82643e8fef7f3cbaeec1f849dc2bb8ca58410697aba9be', 'Hugo Padilla', '3951020284', NULL, 1, 2, NULL, '2016-09-24 00:00:00', NULL),
(416, 'Galileo ', 'Quintero', 'Pérez', 'galiquinterop@gmail.com', 'c7a757ba86a6e9ca739f3b5a4832408329705c1c90ea4a142c9e295b3991563f', 'Galileo  Quintero', '6241388700', NULL, 1, 2, NULL, '2016-09-24 00:00:00', NULL),
(417, 'Ana ', 'Cisneros', 'Gómez', 'ana@baiku.com.mx', '5a41fb73e87550f3bb38ff3431f32a4384d5b4fe83f5250ac912ae4501d94685', 'Ana  Cisneros', '2282134519', NULL, 1, 2, NULL, '2016-09-24 00:00:00', NULL),
(418, 'Andrea', 'Urquiza', 'Barragan ', 'andrea@barraganbr.com', 'b3395ba89ffb274132bf704b07db9ab55c59a1c19a1ea64090fa99231d8c1626', 'Andrea Urquiza', '4422701367', NULL, 1, 2, NULL, '2016-09-25 00:00:00', NULL),
(419, 'Regina', 'llorente', ' suarez', 'reginallorentes@gmail.com', '2f1287deb9a0192fb43595556799d99f04719b46d34dcb16ea62165560ce95aa', 'Regina llorente', '8181853815', NULL, 1, 2, NULL, '2016-09-25 00:00:00', NULL),
(420, 'Cecilia', 'Cervantes', 'Centurion', 'soscervantes@hotmail.com', 'e10c1ca4dec7453db670cedac9ab1f031527d1f2efe197a7126833a0f049dd83', 'Cecilia Cervantes', '9992428954', NULL, 1, 2, NULL, '2016-09-25 00:00:00', NULL),
(421, 'Adriana', 'Ibanez', 'Pezzano', 'amibanez23@gmail.com', 'fd6827ce9f5925799839e5a995a28093f2b168c7ceabb171ccd4f0cd05b06d82', 'Adriana Ibanez', '7864930398', NULL, 1, 2, NULL, '2016-09-25 00:00:00', NULL),
(422, 'Pablo', 'Martinez', 'Coghlan', 'pmc@axende.com', 'e6c3f1348b5065f710bc549ed78f62fa9cbbd5ae71252e6c9042aafad5758a21', 'Pablo Martinez', '2291794444', NULL, 1, 2, NULL, '2016-09-26 00:00:00', NULL),
(423, 'Pamela', 'Perez', 'Crespo', 'pampc@hotmail.com', '3302ccc35eeebe69f1a099ca64f5ddf9b3fa8a0acde4451af0c08983148c9265', 'Pamela Perez', '5530052176', NULL, 0, 2, NULL, '2016-09-26 00:00:00', NULL),
(424, 'Sofia', 'Tawil', 'Dayan', 'sofiatawil@yahoo.com', '48d4440632021e51d27568cf37652312f3e94e0911c41b80f418b67af4ad40e7', 'Sofia Tawil', '5522711205', NULL, 1, 2, NULL, '2016-09-26 00:00:00', NULL),
(425, 'Abraham', 'Zamudio', 'Garcia', 'abrahamrt3@gmail.com', '5965dae05594be4b96866a3543aed48a12e4636152591497f07a2d4e92443f6f', 'Abraham Zamudio', '7617237153', NULL, 1, 2, NULL, '2016-09-26 00:00:00', NULL),
(426, 'Fernanda', 'Rodriguez', 'Carbajales', 'fernanda@studioarqs.com', '4b567013aac54620e1c13b85c53b68ca8f600c16e5629708d41d746d98a35ba9', 'Fernanda Rodriguez', '55200080', NULL, 1, 2, NULL, '2016-09-26 00:00:00', NULL),
(427, 'OSCAR ', 'HERNANDEZ', 'DELGADO', 'soscar358@gmail.com', '0e16c02e12b375821cf556077cc2ff821ae9e1e29b3aea6878b29009c0760879', 'OSCAR  HERNANDEZ', '477 752 1061', NULL, 1, 2, NULL, '2016-09-26 00:00:00', NULL),
(428, 'DANIELA', 'PADILLA', 'VILLALOBOS', 'danielapadillav15@gmail.com', '7ecfb3cba808bcf83a57f77dab9a533e61ef099ad7cec68084e4819a315a826a', 'DANIELA PADILLA', '4771305925', NULL, 1, 2, NULL, '2016-09-26 00:00:00', NULL),
(429, 'Bernardo', 'Benitez', 'Leon', 'bhbenitezl@herdez.com', '51d709e165bbbc444acaad3cd6529198e97331d4ef414a6f004f63b2ceeb181e', 'Bernardo Benitez', '6688161700', NULL, 1, 2, NULL, '2016-09-26 00:00:00', NULL),
(430, 'JORGE ', 'ABOYTES', 'ARREDONDO', 'jaboytes76@hotmail.com', 'be45044eb1e05afbc4b16abc11417144087b8c1eeb3b198b9e326353884da1f4', 'JORGE  ABOYTES', '4611697684', NULL, 1, 2, NULL, '2016-09-26 00:00:00', NULL),
(431, 'Carmen', 'Valdivielso', 'Fdz de Valderrama', 'carmenvaldivielso@hotmail.com', 'f580a26fe2884e4979f15eaa286269ab417b1e00ecd7d4d5376e527893ae2fe4', 'Carmen Valdivielso', '5527018020', NULL, 0, 2, NULL, '2016-09-26 00:00:00', NULL),
(432, 'Rocio', 'Jimenez', 'Barragan', 'rocio@casahaus.net', '1fbaec82640dbd91b1272aa0f7bf49e2ff304a287a48029a18c7991210417fbe', 'Rocio Jimenez', '523312416940', NULL, 1, 2, NULL, '2016-09-26 00:00:00', NULL),
(433, 'Lena', 'de la torre', 'c', 'lenadelatorre@gmail.com', '423531dd059223071ac18b9d56d9b40a2fedffcf2d8fbb11c81528d74bc2a659', 'Lena de la torre', '8110814451', NULL, 1, 2, NULL, '2016-09-26 00:00:00', NULL),
(434, 'Lorena ', 'Shelley', 'Tovar', 'lorena.shelley@gmail.com', 'a3d6bd80fb397eaf6f4b2571b1da0cbee6b95b65afbf0c8a19859a848ac0c40c', 'Lorena  Shelley', '5551023334', NULL, 1, 2, NULL, '2016-09-26 00:00:00', NULL),
(435, 'ana paula', 'mendez', 'payro', 'amendezpayro@gmail.com', '061b659e5a701afea01f7165003cd631420a1f79d276827ed4d3079fbea4895c', 'ana paula mendez', '5543689886', NULL, 1, 2, NULL, '2016-09-26 00:00:00', NULL),
(436, 'María', 'Reyes', 'S.', 'lureyes_1@hotmail.com', '5019ec350172cad134aaae783c4a23d7b8a21ee601c95c657d772eefc0eab320', 'María Reyes', '55151109987', NULL, 0, 2, NULL, '2016-09-27 00:00:00', NULL),
(437, 'A', 'G', 'A', 'antonioguerrero@hotmail.com', '6a4c2c7ea8509ba14f9d5801e74170a62b246e4d9e7cf2c93243a11ca5d4bb24', 'A G', '5513338952', NULL, 0, 2, NULL, '2016-09-27 00:00:00', NULL),
(438, 'Patricia', 'Saldaña', 'Alvarado', 'patita_s@hotmail.com', '248ccc15c6a9d19ad76138941eafaa07eb62d4a12fd671c2d16b075ffa3bb06b', 'Patricia Saldaña', '8120220557', NULL, 0, 2, NULL, '2016-09-27 00:00:00', NULL),
(439, 'Sol ', 'Rodriguez', 'Arango', 'solrodriguez75@yahoo.com.mx', 'd719c58a5be5c94bb9f9eb8308a59386e9948ae29a516036e6e692e6e32ea6e1', 'Sol  Rodriguez', '573108317557', NULL, 1, 2, '', '2016-09-27 00:00:00', NULL),
(440, 'Mirian', 'vera', 'Prieto', 'verarkitect@yahoo.com.mx', 'e9d49059afff7db029bf8d8b909e5dfa861e07b80656a9a9360f25f5ca5bc6de', 'Mirian vera', '5540316877', NULL, 1, 2, NULL, '2016-09-27 00:00:00', NULL),
(441, 'JOSE IVAN', 'SANTAMARIA', 'MIRANDA', 'isantamaria.arq@gmail.com', '007f176f03f673f33c24c7dbc4709664a7548e16643e5e0f5d109fd16e1455f1', 'JOSE IVAN SANTAMARIA', '5516090605', NULL, 0, 2, NULL, '2016-09-27 00:00:00', NULL),
(442, 'Yabin ', 'Torres', 'Carrillo', 'yabintc@gmail.com', 'd157d1b628c1f177640b12e12bba44b8175fb1a818aa0cba299d3b66e83e9668', 'Yabin  Torres', '5514064169', NULL, 0, 2, NULL, '2016-09-27 00:00:00', NULL),
(443, 'Diego', 'Ruiz', 'Ley', 'diegoruizley@gmail.com', '58666bec95b9431b0a57d96fcce868694c612a2cc1349ea33962f1a8c7c4b14b', 'Diego Ruiz', '6143948051', NULL, 0, 2, NULL, '2016-09-28 00:00:00', NULL),
(444, 'Nadia', 'Mendoza', 'García', 'nadia3ch@gmail.com', 'ecfadd21b0456ea13347215f3c7282cf692ab185fdffa0b683d5092dd37a6d74', 'Nadia Mendoza', '8444340741', NULL, 1, 2, NULL, '2016-09-28 00:00:00', NULL),
(445, 'Lorena ', 'Trigueros', 'm', 'lotrigueros@hotmail.com', '593e15879d99810ec255d27bb640ca869a9a5b2789a4afd54282f353611c7507', 'Lorena  Trigueros', '5543693838', NULL, 0, 2, NULL, '2016-09-28 00:00:00', NULL),
(446, 'MARIA', 'KOLSTAD', 'KOLSTAD', 'KOLSTADFAMILY4@GMAIL.COM', 'dcf5320e6b3af990bd6c36495f0a0424935dcef68aa84152ddc6642bb4bedd04', 'MARIA KOLSTAD', '8327267238', NULL, 0, 2, NULL, '2016-09-28 00:00:00', NULL),
(447, 'marisol', 'vazquez', 'f', 'marisolvf@hotmail.com', 'e6cab24a07a751c24dac46352780ad282d6fad2d053e9b9fe605c5a1c109c09d', 'marisol vazquez', '4422633159', NULL, 1, 2, NULL, '2016-09-28 00:00:00', NULL),
(448, 'ana sofia', 'iberri', 'orozco', 'anasofiaiberri@gmail.com', '03649b19aab6f39c1dbc6aa32412c4584f0bd6084158f296cfa319f76e1253e0', 'ana sofia iberri', '3313209613', NULL, 1, 2, NULL, '2016-09-28 00:00:00', NULL),
(449, 'Laura', 'R', 'V', 'lramosvillarreal@gmail.com', '7bd06618565b1149544e52948d03643ec5011a5e6b5df5782e16f77f1f817045', 'Laura R', '5548706850', NULL, 1, 2, NULL, '2016-09-29 00:00:00', NULL),
(450, 'Fernanda', 'Garcia ', 'Ceballos', 'fernandagceballos@hotmail.com', 'bed800a8add8369fc04a4b68f8a74a1f30c39e8b148913ed86658138e65179b5', 'Fernanda Garcia ', '3318213140', NULL, 0, 2, NULL, '2016-09-29 00:00:00', NULL),
(451, 'Alena', 'Ferreol ', 'Ferreol', 'alenka.lorkova@gmail.com', '6b606b059e297fc0ba00cc0e398cc39499f4e51e5e2354212a14b476a485a8f9', 'Alena Ferreol ', '737271832', NULL, 0, 2, NULL, '2016-09-29 00:00:00', NULL),
(452, 'cecilia', 'herrera', 'narvaez', 'ceci_bun@hotmail.com', '7131871d7498015bdf6086fa79529ef3f57e70e3402b131e9c96289233229bfe', 'cecilia herrera', '7222407099', NULL, 0, 2, '', '2016-09-29 00:00:00', NULL),
(453, 'georgina', 'mayorga', 'hernandez', 'ggmayorga17@gmail.com', 'f83d8c5a869ec701815908acbe38f0f151ff41df8a10f78d4554e06f714c2170', 'georgina mayorga', '9845931994', NULL, 1, 2, NULL, '2016-09-29 00:00:00', NULL),
(454, 'regina', 'mendiolea', 'haro', 'regina@sobradougalde.com', '8603787217e919389b652097c1b5e65eeaf45a8d975cdbef855fb93a703c02b1', 'regina mendiolea', '5552871497', NULL, 1, 2, NULL, '2016-09-29 00:00:00', NULL),
(455, 'JOANA CLAUDIA ', 'RAMIREZ', 'MONROY', 'claudia@uribearquitectos.com', 'd1a290752d2cff2e9ca1772c77cfae5d9183b6eaf08c32fa9dcfa39b06324893', 'JOANA CLAUDIA  RAMIREZ', '5526146733', NULL, 1, 2, NULL, '2016-09-29 00:00:00', NULL),
(456, 'Alena', 'Lorkova', 'Ferreol', 'alena.ferreol@gmail.com', '6b606b059e297fc0ba00cc0e398cc39499f4e51e5e2354212a14b476a485a8f9', 'Alena Lorkova', '444  325 5467', NULL, 1, 2, NULL, '2016-09-29 00:00:00', NULL),
(457, 'lorena ', 'Trigueros', 'm', 'lorenatriguerosm@gmail.com', '593e15879d99810ec255d27bb640ca869a9a5b2789a4afd54282f353611c7507', 'lorena  Trigueros', '5543693838', NULL, 0, 2, NULL, '2016-09-29 00:00:00', NULL),
(458, 'gilda', 'ROEL', 'ROEL', 'roelgilgabriel@gmail.com', '898c3fac748eb7676b7e9cc9d389e27a9cd1c88bad0c303fd43d86c864e94b3a', 'gilda ROEL', '3332019089', NULL, 0, 2, NULL, '2016-09-30 00:00:00', NULL),
(459, 'GILDA', 'ROEL', 'gabriel', 'sie7e.rg@gmail.com', '898c3fac748eb7676b7e9cc9d389e27a9cd1c88bad0c303fd43d86c864e94b3a', 'GILDA ROEL', '3332019089', NULL, 1, 2, NULL, '2016-09-30 00:00:00', NULL),
(460, 'Ricardo ', 'Carretero', 'Marquez', 'adark027@gmail.com', '8c7ae877cf0ce83602eea425d43e52605540554c298826b2e83e417898dc3e7b', 'Ricardo  Carretero', '5522706429', NULL, 1, 2, '', '2016-09-30 00:00:00', NULL),
(461, 'Begona', 'linero', 'lorenzo', 'begonalinero@yahoo.com', '8e2ba33279a784bebb68b4975b0f2ce8853234f947657613d42793afcc9a94e4', 'Begona linero', '5555005005', NULL, 0, 2, NULL, '2016-09-30 00:00:00', NULL),
(462, 'andres', 'flores', 'rivera', 'andres.flores@aflo.mx', 'c4329545fcd9bc49f545a820070ff5033233f9fe7bf3809e2bdc74a442fd5dc3', 'andres flores', '52118253', NULL, 1, 2, NULL, '2016-09-30 00:00:00', NULL),
(463, 'Monica ', 'Rivera Torres ', 'Sabanera ', 'mon@cuaik.com', '26ff08de4c29e509cce0cf13715e1ae4c5d14aa6a58261cae89d64ff9d5cea1c', 'Monica  Rivera Torres ', '5522703333', NULL, 0, 2, NULL, '2016-09-30 00:00:00', NULL),
(464, 'Ana Cecilia', 'Tron ', 'Rubio', 'ana@ploka87.com', '95340a19ac8086ece6b376ee1535e76cbce37f9d736532025378407c19d15ae4', 'Ana Cecilia Tron ', '5570298522', NULL, 1, 2, NULL, '2016-09-30 00:00:00', NULL),
(465, 'Luisa', 'Dela peña', 'Rosas', 'ludelapena@hotmail.com', '25eea70709c2755d08f9bf5019aaeb197cdcfd90b21ea0bc575767cde065497c', 'Luisa Dela peña', '5549409719', NULL, 0, 2, NULL, '2016-10-01 00:00:00', NULL),
(466, 'Cathy', 'Baeshore', 'Baeshore', 'baeshore@aol.com', 'e6f82b46214e53e66a8da7dd121ba364f1adfe89785d66d21b6797955b092e29', 'Cathy Baeshore', '5204054667', NULL, 1, 2, 'a4a57b490c31f2c2fed4740cd316df1f', '2016-10-01 00:00:00', NULL),
(467, 'Miguel', 'Castillero', 'Sanchez', 'mikecastillero@hotmail.com', 'aebd7336a4a49e365f12932a6487fb428ebc011d83ec455ed027ccaba6c95906', 'Miguel Castillero', '4422455719', NULL, 0, 2, NULL, '2016-10-02 00:00:00', NULL),
(468, 'Ignacio', 'Alvarado', 'De ovando', 'ignacio.alvaradodeovando@gmail.com', '9cd1695c34fff4d2c227049640298f361ba7acd196b3c27cdd9854ec53582724', 'Ignacio Alvarado', '52805333', NULL, 1, 2, NULL, '2016-10-02 00:00:00', NULL),
(469, 'Iris ', 'Huerta', 'Rodriguez', 'yanib_ih@hotmail.com', 'faa14c748200e02e8dce9e1d04670e86668d5c2c0f120a36e017bf28be7fc8a4', 'Iris  Huerta', '0454921610743', NULL, 1, 2, NULL, '2016-10-02 00:00:00', NULL);
INSERT INTO `namuhdb_usuarios` (`id_usuario`, `nombre`, `ap_paterno`, `ap_materno`, `correo`, `password`, `username`, `telefono`, `direccion`, `estado_usuario`, `tipo_usuario`, `passwordTemp`, `fecha`, `foto_perfil`) VALUES
(470, 'Pamela', 'Castillo', 'Aldape', 'pamelacastilloa@gmail.com', '50b345381146e455fdfdb69a88e73a560eb5752815e303a0b49de29725ae6fc4', 'Pamela Castillo', '5559474758', NULL, 1, 2, NULL, '2016-10-02 00:00:00', NULL),
(471, 'Natalia', 'Gutierrez', 'Sanchez', 'nata.gtz@gmail.com', '1afabb1ce70d62e6ff1e116f57cfa5f08cb9075a2078b2e3784254fbf8738a4b', 'Natalia Gutierrez', '4422585283', NULL, 1, 2, NULL, '2016-10-02 00:00:00', NULL),
(472, 'Fatima ', 'Poo', 'Garcia', 'fatimapoo@hotmail.com', 'd93cdac035e8a76a28cf48755fe2684ca7996b974dc255af6819cc2815d55fa8', 'Fatima  Poo', '5543562607', NULL, 0, 2, NULL, '2016-10-02 00:00:00', NULL),
(473, 'Lori', 'Anne', 'Greene', 'lori.greene@allegion.com', 'd69c982dde633c1554e9e6e9d101e66bf7b721a6b7b5e1bb857e78677477bc2c', 'Lori Anne', '617-966-1688', NULL, 1, 2, NULL, '2016-10-02 00:00:00', NULL),
(474, 'Mario', 'Aboumrad', 'A', 'mario@aboumrad.com', '514b3df3ebc975357bdaa6863365992efc339a8a8c1b906d21f525115e3fb24f', 'Mario Aboumrad', '5541428226', NULL, 0, 2, '4ed1d9c240d4b5c225d3c7022ec22524', '2016-10-03 00:00:00', NULL),
(475, 'priscila', 'uriarte', 'gomez', 'priscila@uriarteinterior.com', 'b2d2e2bf49c2c8982e2063aa42d1cde442550afb6ed2295d3a1fbfc3cbbf52e3', 'priscila uriarte', '3312673865', NULL, 0, 2, NULL, '2016-10-03 00:00:00', NULL),
(476, 'imelda', 'de alba', 'gonzalez', 'imeldadealba@me.com', '41234f7f1907f78427161eb7bccb9945020110dbcfb58492efabd3e868f0dbd6', 'imelda de alba', '52021573', NULL, 0, 2, NULL, '2016-10-03 00:00:00', NULL),
(477, 'victor', 'paredes', 'miranda', 'victormparedes@gmail.com', 'a51c3bb8ceb6c436d7ee113400cec108d7e63ba8e95a7354e08bb9466d7094a8', 'victor paredes', '333', NULL, 0, 2, NULL, '2016-10-03 00:00:00', NULL),
(478, 'MARIA ROSA', 'PAREDES', 'AREVALO', 'marosaparedes@gmail.com', 'ac6fe538840fa6bb271ae24c042b4664fbf0ddb47fde71107a246e903b4f5578', 'MARIA ROSA PAREDES', '3336476992', NULL, 1, 2, NULL, '2016-10-03 00:00:00', NULL),
(479, 'theodoros', 'kalionchiz', 'de la fuente', 'tkalionchiz@hotmail.com', '38cc026ecba3be3c2462be9690c289c939061bcbbe1bb96d726cd4e15f00ad6e', 'theodoros kalionchiz', '8661123466', NULL, 0, 2, '2027b0c74769ebaad66b03d75542b1fa', '2016-10-03 00:00:00', NULL),
(480, 'Sofia', 'Castro', 'Boullosa', 'sofia@studioboullosa.com', '7b2c57a556093618578a7154b089945bc00c8e17a1baee8f3bb5bef1d50dbdd5', 'Sofia Castro', '5519511951', NULL, 1, 2, NULL, '2016-10-03 00:00:00', NULL),
(481, 'Mary', 'Llamosas', 'Zazueta', 'mllamosas@hotmail.com', '507ea781f52de1938911a1753ae64a1fbc88c82d4601ae141b6284252861ec22', 'Mary Llamosas', '5554172063', NULL, 0, 2, '4ed1d9c240d4b5c225d3c7022ec22524', '2016-10-03 00:00:00', NULL),
(482, 'adriana', 'cortina', 'lemus', 'acortina72@gmail.com', '3d2a4e2dbbdc93f4ff935cf634991b0f6e6a291d357c9b76b82f85c9ff7fa7a2', 'adriana cortina', '5510480602', NULL, 1, 2, NULL, '2016-10-04 00:00:00', NULL),
(483, 'theodoros', 'kalionchiz', 'de la fuente', 'gerencia2@kalionchiz.com', '2e87e6d3c0f506c17aee9911c54e0e32657d672db6c1473aacf24d70b9dadf2d', 'theodoros kalionchiz', '8661123466', NULL, 1, 2, NULL, '2016-10-04 00:00:00', NULL),
(484, 'Tania Carolina', 'Garnica', 'Plancarte', 'taniagarnica@hotmail.com', 'db5e33a498f07e654333b34446824aa57bb30483c248f5087ccfb4a2fc9b4b9c', 'Tania Carolina Garnica', '5520965457', NULL, 0, 2, NULL, '2016-10-04 00:00:00', NULL),
(485, 'Victoria', 'Romo', 'Altamirano', 'rouge.pv@gmail.com', 'f333238c9f75d79c58c6f1bc0020c52201879b4e2063c259dbc8db20f6ade2fd', 'Victoria Romo', '2091152', NULL, 1, 2, NULL, '2016-10-04 00:00:00', NULL),
(486, 'Paola', 'Vargas', 'Mauries', 'paolamauries@me.com', '37b9a3d169396da66802070036c1b0d88186760bd338b85dab88005da41d6b66', 'Paola Vargas', '5522994524', NULL, 1, 2, NULL, '2016-10-05 00:00:00', NULL),
(487, 'Juan Ramòn', 'Pèrez', 'Barrientos', 'seasonsdesign@hotmail.com', 'a12c7fa17c88122e933ac6b03c64fa01b7fe0269a2ef9652e5a97e6b2f10759e', 'Juan Ramòn Pèrez', '4525240036', NULL, 0, 2, NULL, '2016-10-05 00:00:00', NULL),
(488, 'Pablo', 'Crain', 'C', 'crainpablo@hotmail.com', '8989384c6be8f96719263f6d62c2181731f92442bf69d95a40ea130bdad61e38', 'Pablo Crain', '23235459', NULL, 0, 2, NULL, '2016-10-05 00:00:00', NULL),
(489, 'Rodolfo', 'Salinas', 'Gutiérrez', 'r.salinas@sali-trans.com', '3e26cab26798c17cd2dce0c3d0fe5ca724449b7d3310321ce24097408bb64944', 'Rodolfo Salinas', '3331710166', NULL, 1, 2, '4f5683c8f99d49903704bc82281bc918', '2016-10-05 00:00:00', NULL),
(490, 'Rodolfo', 'Salinas', 'Gutiérrez', 'salitrans@hotmail.com', 'dab84bd707b775ebe1b9d8945ad5e6e824d43fd0b67e19263d8595b8a935d9af', 'Rodolfo Salinas', '3331710166', NULL, 0, 2, NULL, '2016-10-05 00:00:00', NULL),
(491, 'Claudia', 'Buenrostro', 'Aceves', 'claudiabuenros@gmail.com', '0dd2bde338e41f95440cfa10fadcf45099fb60dd25b2ed3714ee26b5bc839f29', 'Claudia Buenrostro', '5529669282', NULL, 1, 2, NULL, '2016-10-05 00:00:00', NULL),
(492, 'Priscila', 'Ruiz', 'Ocejo', 'r_pri@hotmail.com', '43aaada6d2f95d6a011dd6ad1f41890416c15e2146b3e1805f56274fc4e4a72c', 'Priscila Ruiz', '55406550', NULL, 0, 2, NULL, '2016-10-05 00:00:00', NULL),
(493, 'Antonio', 'Diez de Bonilla', 'Martínez ', 'antonio.diezdebonilla@haynesboone.com', 'eed21785d2310283dee4f760b8a45d7db0aed7a9459df67f211c5d551edf49a1', 'Antonio Diez de Bonilla', '52491810', NULL, 0, 2, NULL, '2016-10-05 00:00:00', NULL),
(494, 'Antonio', 'Diez de Bonilla', 'Martínez ', 'ycelaya@hotmail.com', '726b7f2818e972277611809e0b591a74dd0cc44378579048be71d8fdd8784961', 'Antonio Diez de Bonilla', '52491810', NULL, 0, 2, NULL, '2016-10-05 00:00:00', NULL),
(495, 'C V', 'Velasco', 'Horta', 'ceciliavelascoh@gmail.com', '86cbaf9a01499ff7e98599b56429b79a3046dae977c516f80630fdc6d0e5a9c2', 'C V Velasco', '5538984772', NULL, 0, 2, '4f5683c8f99d49903704bc82281bc918', '2016-10-05 00:00:00', NULL),
(496, 'NADINE', 'DAVID', 'SANCHE', 'nadinedavids@gmail.com', '5ac3869e079f55ab3483cb90f501be3c319a0bd12842c419ed6c5be463dffee5', 'NADINE DAVID', '5543599128', NULL, 1, 2, NULL, '2016-10-05 00:00:00', NULL),
(497, 'Lucero', 'Castillo', 'G', 'kimcas7@hotmail.com', '12a9701819feee7b5a3e717ce2ed1868a9f6fccdbe397e13e87c4d2c18ae60a2', 'Lucero Castillo', '5543834647', NULL, 1, 2, NULL, '2016-10-05 00:00:00', NULL),
(498, 'Galib', 'Karim', 'R', 'galibkarim@hotmail.com', '4bc7c9a97361d5b21eb4d55259134b8e85f144184dd5f924b201268e7461ff6f', 'Galib Karim', '5552787753', NULL, 0, 2, NULL, '2016-10-05 00:00:00', NULL),
(499, 'JORGE', 'HERNANDEZ', 'GOMEZ', 'jhg.arq@gmail.com', 'b22063925c83f32605e557e369697be8f07c0a9b05d1f0682fa8992fc29be32a', 'JORGE HERNANDEZ', '0445531191488', NULL, 1, 2, NULL, '2016-10-05 00:00:00', NULL),
(500, 'marco antonio', 'garcia', 'garcia', 'mgarcia@estrellablanca.com.mx', '893c28e845b6a1d4ad9f0c6090c473c45c43a7e7ec3edba9e2a424a7fa68e548', 'marco antonio garcia', '5557290895', NULL, 0, 2, NULL, '2016-10-05 00:00:00', NULL),
(501, 'viviana ', 'lavalle', 'henaro', 'lavallevivi@gmail.com', 'cf088fe7126e42522f8ba9738fca17bd03b602a568ef4aa12b8574465fd64230', 'viviana  lavalle', '56521976', NULL, 1, 2, NULL, '2016-10-05 00:00:00', NULL),
(502, 'Vanessa', 'Peña', 'Azpeitia', 'clauvanepa@hotmail.com', '314d26bad34aaf447a8789a097bb246b39213e065ad7d4d0799d89e9b877fac3', 'Vanessa Peña', '5510084533', NULL, 0, 2, NULL, '2016-10-05 00:00:00', NULL),
(503, 'Raquel', 'Smeke', 'Levy', 'raquelsmekel@gmail.com', 'f222eae65c8c9762ac06fe7234f788a4bf8e3db2447d47fc99544c5f74a07e1d', 'Raquel Smeke', '5518018714', NULL, 1, 2, '4f5683c8f99d49903704bc82281bc918', '2016-10-05 00:00:00', NULL),
(504, 'Kirén', 'Miret', 'Schussheim', 'kmiret@hotmail.com', '21067f66e53df71d6ed2e8dcff70aa5784dae8c3bcd7d17503f6e32527c78b26', 'Kirén Miret', '5519665470', NULL, 0, 2, NULL, '2016-10-06 00:00:00', NULL),
(505, 'maria guadalupe', 'hernandez', 'dominguez', 'gualu2424@hotmail.com', '1017424530d30233b998e45832c32a4e6f12560573f0e460503883300255aee9', 'maria guadalupe hernandez', '4626213991', NULL, 0, 2, NULL, '2016-10-06 00:00:00', NULL),
(506, 'Renata', 'Martinez Lavin', 'Castañeda', 'rml391@nyu.edu', 'dee54b6f46010a9218801e5ff278fb58ce84edef832c484cb9ea6ad449370bf0', 'Renata Martinez Lavin', '5521073325', NULL, 1, 2, NULL, '2016-10-06 00:00:00', NULL),
(507, 'Margarita', 'Chiffer', 'Torres', 'mchiffer@hotmail.com', '94c23c92ff31a01f109eedb54f3c0979c4db7749e1a01353216eb755775d167e', 'Margarita Chiffer', '8711785951', NULL, 0, 2, NULL, '2016-10-06 00:00:00', NULL),
(508, 'Alejandro', 'López', 'Peñarán', 'alejandro.lpenaran@gmail.com', 'a41d8e33682d1ea34b89758384d556509eb73db0759af258cbd18796f80594c4', 'Alejandro López', '4421230203', NULL, 0, 2, '', '2016-10-06 00:00:00', NULL),
(509, 'Cecilia', 'Mijares', 'Ortega', 'cecilia_mijares@prodigy.net.mx', 'cfbd3fe783b3f917c9d3f1dd12df96be230aaaa63891124055caa7a05b13f25d', 'Cecilia Mijares', '56682779', NULL, 0, 2, NULL, '2016-10-06 00:00:00', NULL),
(510, 'Andrea', 'Montalvo ', 'Birlain', 'andrea@vastudio.mx', 'dca83402a66f0592a9a1dc15cd64df4942aff39d8876f0a4663001be9b437675', 'Andrea Montalvo ', '55485089706', NULL, 0, 2, NULL, '2016-10-06 00:00:00', NULL),
(511, 'zacnite', 'lopez', 'montoya', 'tete@niz-chauvet.com', '28672519a39098892fb3cb0fff869eb48e6bb48e36e8817325421ace6f0b1469', 'zacnite lopez', '56161801', NULL, 0, 2, NULL, '2016-10-06 00:00:00', NULL),
(512, 'jessica ', 'leal', 'toraya', 'jessicaygiacomo@gmail.com', 'f88899686521aaf50f4b62d61e13e57c2af407d5c3e8aaf88b6ac744bbe3f975', 'jessica  leal', '8331003833', NULL, 1, 2, NULL, '2016-10-06 00:00:00', NULL),
(513, 'magda', 'de alba', 'carral', 'magggda@hotmail.com', '7de6181e9d1714e4b9f537945e395a814c0a8ad8935a7b8001a8eaa22d809e2c', 'magda de alba', '5528464617', NULL, 0, 2, NULL, '2016-10-06 00:00:00', NULL),
(514, 'Paulina', 'de la Garza', 'de la Garza', 'paulina2988@hotmail.com', 'd7eba005f9e22ab32250ea3c3ed4c144f03457156b0f565b73c3d733c5061284', 'Paulina de la Garza', '8444551165', NULL, 0, 2, NULL, '2016-10-06 00:00:00', NULL),
(515, 'Alejandra', 'Camarena', 'Lara', 'alejandraowen@hotmail.es', '177157ad0613fb23843c877aff6c9aeab04d21ab66a1d52c59e71ca60f3e65ca', 'Alejandra Camarena', '5528562303', NULL, 1, 2, NULL, '2016-10-06 00:00:00', NULL),
(516, 'Lucien', 'Conner', 'DeBock', 'lconner@eatpuesto.com', 'c1ff268cc6de3a207e66450695a7de03928a509e6e548f567d42299df32fabe5', 'Lucien Conner', '8583825154', NULL, 1, 2, NULL, '2016-10-07 00:00:00', NULL),
(517, 'Monica ', 'Torres', 'sanchez', 'torresmoni51@gmail.com', 'fe2b431aa257cd34bec8f4304ae524a2008ac421644d601dfc868550b435d587', 'Monica  Torres', '3315209568', NULL, 0, 2, NULL, '2016-10-07 00:00:00', NULL),
(518, 'sandra', 'ezquerro', 'robles gil', 'sandraezquerror@gmail.com', '7b647c88ec658e92619cdc3c13eadd14b34f7a06fee37ea4d82a18cfdba66c7d', 'sandra ezquerro', '5518499428', NULL, 1, 2, NULL, '2016-10-07 00:00:00', NULL),
(519, 'Maggia', 'Arias', 'Montes', 'magdalena@hotelmatilda.com', 'e8950c2e6915f113c1c39b7ebf037a26e37c625ccc6b8b5801e029944e047c11', 'Maggia Arias', '1521015', NULL, 1, 2, NULL, '2016-10-07 00:00:00', NULL),
(520, 'German', 'Paredes', 'Arguello', 'gparedesarguello@yahoo.com.mx', 'b4fda52d5fa7659dc6db60ea52fcffe5285fab9bc692d28bf0925509c6e1eef9', 'German Paredes', '5516894197', NULL, 1, 2, NULL, '2016-10-08 00:00:00', NULL),
(521, 'Aurora', 'Albarran ', 'Ascencio', 'aualbmac@hotmail.com', 'bcab09eac7cd50ceacdd76fce079f54069c943bef776d39e9fbd0a17ee886303', 'Aurora Albarran ', '5517576569', NULL, 1, 2, NULL, '2016-10-08 00:00:00', NULL),
(522, 'Cecy', 'Camarena', 'Solis', 'cecicamarena@hotmail.com', '572ba7b12aa855a185a4c5b0d6f44502eabf675380ed9d24b39eec567d0640f0', 'Cecy Camarena', '3335769035', NULL, 0, 2, '', '2016-10-08 00:00:00', NULL),
(523, 'Adriana', 'Mendoza', 'Rodríguez', 'adrirovira@yahoo.es', '8fab51289c36abe0efa01421f4c34b2efba2329eef0e1757d9899fb3fa0b1933', 'Adriana Mendoza', '5533324789', NULL, 0, 2, NULL, '2016-10-08 00:00:00', NULL),
(524, 'Moises', 'Marcovich', 'Marcovich', 'moyhaim@gmail.com', '6cd2be6632dcad55614afbec1ea10144d577d853ad5982bca1842ad648393072', 'Moises Marcovich', '5518017903', NULL, 1, 2, NULL, '2016-10-08 00:00:00', NULL),
(525, 'Adriana', 'Martinez', 'Rojas', 'adymtz73@outlook.es', '2c9e6a1bc7159cd79094afe2ecef8abbf11961924dd62ca2f0056677ff88eaca', 'Adriana Martinez', '9982793317', NULL, 1, 2, NULL, '2016-10-09 00:00:00', NULL),
(526, 'Sandra', 'Rojas', 'Domene', 'sandraburillo@gmail.com', '0466816b8856eba7a4d79e389728cb95b8cd569a084c64c483e0d0aa6bf5566d', 'Sandra Rojas', '52926800', NULL, 1, 2, '', '2016-10-09 00:00:00', NULL),
(527, 'Ur', 'O', 'L', 'ursulaotegui@yahoo.com', 'bb735b59956095a59e9f8dffdd1ba95890a2e1bb02054e502a5a4cacb6386c6c', 'Ur O', '5554268609', NULL, 0, 2, NULL, '2016-10-09 00:00:00', NULL),
(528, 'Ed', 'Solo', 'trad', 'esabbah@yahoo.com', '2a46f5a0c3af69b3f5825daabc13c4ca381c45046a7dce34fd7357e82f9f21a1', 'Ed Solo', '2022475458', NULL, 0, 2, NULL, '2016-10-09 00:00:00', NULL),
(529, 'Eddie', 'Sabbah', 'trad', 'jupiterdrift@gmail.com', '2a46f5a0c3af69b3f5825daabc13c4ca381c45046a7dce34fd7357e82f9f21a1', 'Eddie Sabbah', '19172163636', NULL, 1, 2, NULL, '2016-10-09 00:00:00', NULL),
(530, 'Juan Gerardo', 'Garza', 'Garza', 'juanjerrygarza@gmail.com', 'b25f89a97ce39bc3be61ea928cf1f3846d949b9330ebcf3abbf6ad6de5676f3d', 'Juan Gerardo Garza', '8182804199', NULL, 1, 2, NULL, '2016-10-09 00:00:00', NULL),
(531, 'Diane', 'Voith', '.', 'missdia4@hotmail.com', '5b6d2e15efebbb35fa011acfda5d9ddbc55eafc0b81ca009ee6848bad128d35d', 'Diane Voith', '9612695272', NULL, 0, 2, NULL, '2016-10-10 00:00:00', NULL),
(532, 'Luis Erick', 'Hernández', 'Gutiérrez', 'luiserick_hd@outlook.es', 'db67d1abcdbf7df2e302934febe917f618ba92da835c281c62f1ee722e42a252', 'Luis Erick Hernández', '4422749127', NULL, 0, 2, NULL, '2016-10-10 00:00:00', NULL),
(533, 'NANCY ESTELA', 'BRIBIESCA', 'ALVARADO', 'proyecto@mystik.ws', '32e2a48d02b4646fa0437d63730748007dd2f4442acab0c63776d4ddafc4bf78', 'NANCY ESTELA BRIBIESCA', '5556399684', NULL, 1, 2, NULL, '2016-10-10 00:00:00', NULL),
(534, 'Andrea', 'Montalvo', 'Birlain', 'andreamontalvobirlain17@hotmail.com', '5966effdd8190c26bd0e3dcb9ba8a59a25ff9ccb897b940c3c656c2134d44c11', 'Andrea Montalvo', '0445548509706', NULL, 0, 2, NULL, '2016-10-10 00:00:00', NULL),
(535, 'areli', 'leandro ', 'lopez', 'areli@vastudio.mx', '1855c95adeac2c5beafabed2cedb6a4510888aad224096fee2ae5b520d6fff8f', 'areli leandro ', '0445548509706', NULL, 0, 2, NULL, '2016-10-10 00:00:00', NULL),
(536, 'LUIS ANDRES', 'GARCIA', 'LARRAÑAGA', 'arqui77luis@gmail.com', 'ba40cc666936ceede30539d55df75988b625d5e6580939c83a690086cc2ebdd1', 'LUIS ANDRES GARCIA', '415 1215357', NULL, 1, 2, NULL, '2016-10-10 00:00:00', NULL),
(537, 'Rodrigo ', 'Sordo', 'Mejia', 'rsordoarq@gmail.com', '68b4fe8c14b412ede6b4ed9b8997f2906f351daa34690086345294f6f98af1e7', 'Rodrigo  Sordo', '2222156908', NULL, 1, 2, NULL, '2016-10-10 00:00:00', NULL),
(538, 'Bernardo', 'Zambrano', 'Gamez', 'bzambranog@gmail.com', 'fd6b7c92b5c63bd1d3e11a03852df63d36310ce666c85b6a5ad9e5285dcd4ea2', 'Bernardo Zambrano', '8181300200', NULL, 1, 2, NULL, '2016-10-10 00:00:00', NULL),
(539, 'guadalupe', 'hernandez', 'campos', 'guadalupe.hernandez@grupo-eco.com', 'db360a2afff8433c5fc6b36490cce41dd33dbf2c6093b101c08f0172ef108c66', 'guadalupe hernandez', '5510857760', NULL, 1, 2, NULL, '2016-10-10 00:00:00', NULL),
(540, 'carolina ', 'simionato', 'gortari', 'carolasimionato@gmail.com', '103fbdfe33145b31644211d8529b88a971bdc959d5d8cdf9c337a28f9bd92bd3', 'carolina  simionato', '5535009255', NULL, 1, 2, NULL, '2016-10-10 00:00:00', NULL),
(541, 'karla ', 'morales', 'pascual', 'd_ochentaytres@yahoo.com.mx', 'f6f76041aaf7bce29d1c1ec4f9a2b5d457712e424bc97391fcc6f5874c05b035', 'karla  morales', '9511283245', NULL, 1, 2, NULL, '2016-10-11 00:00:00', NULL),
(542, 'Juan Pablo ', 'Gallegos ', 'Rangel', 'juan.pablo.gallegos.r1984@gmail.com', '69863b1a7d82463fac2227758a1d0006abe713dd84adcdd3a2c66a74d1edee9e', 'Juan Pablo  Gallegos ', '9841579522', NULL, 1, 2, NULL, '2016-10-11 00:00:00', NULL),
(543, 'DANIELA', 'ESQUIVIAS', 'ESQUIVIAS', 'esquiviasdaniela@gmail.com', '67c03a46a580877df23674bbfc1d03a363885df694e4912e6b0e731a2263274f', 'DANIELA ESQUIVIAS', '3310766101', NULL, 1, 2, NULL, '2016-10-11 00:00:00', NULL),
(544, 'MONTSERRAT', 'MARTINEZ', 'CARMONA', 'montserrat@uribekrayer.com', '4fecc3b5854e6c938c16cfcd4d53d6688db70803ff2863f39532ffb441d00cb0', 'MONTSERRAT MARTINEZ', '+52 (55) 5273 7475', NULL, 1, 2, NULL, '2016-10-11 00:00:00', NULL),
(545, 'carlos', 'alvarado', 'luna', 'calvarado@covilha.com.mx', '095730d04bc986de6c1c29020cf9062d361ca4d269002124362be42d96d7a223', 'carlos alvarado', '5567877775', NULL, 1, 2, NULL, '2016-10-11 00:00:00', NULL),
(546, 'carlos', 'alvarado', 'medel', 'ckarlos.am@gmail.com', '095730d04bc986de6c1c29020cf9062d361ca4d269002124362be42d96d7a223', 'carlos alvarado', '5567877775', NULL, 0, 2, NULL, '2016-10-11 00:00:00', NULL),
(547, 'Enrique', 'Silva', 'Salazar', 'kikesilva171283@gmail.com', 'cf42cb271f751b11572727b704a2f90a905c1ff7fbb274182ebb6682d1aa0dfe', 'Enrique Silva', '8992045782', NULL, 1, 2, NULL, '2016-10-11 00:00:00', NULL),
(548, 'Jorge Luis', 'Sotelo', 'Chávez', 'j-sch@hotmail.com', '910606679cd94b37ed66ba6ebde0b98f6c82e80714eb8420f0b0fb7e4ffc18e6', 'Jorge Luis Sotelo', '6143532924', NULL, 1, 2, NULL, '2016-10-11 00:00:00', NULL),
(549, 'Alejandro', 'Ruiz', 'velazquez', 'alerdvv@gmail.com', '7e42e8099b4c0ed92f96159f71895f24d91c5ac7e5c07e6047a625e256518f3b', 'Alejandro Ruiz', '5551002545', NULL, 1, 2, NULL, '2016-10-11 00:00:00', NULL),
(550, 'Carla', 'Gonzalez', 'Arias', 'carla@hadad.com.mx', 'dc2504e1c75b644118dd515782214fc21be4d21278738c7d67501f7bab088fb5', 'Carla Gonzalez', '36734598', NULL, 1, 2, NULL, '2016-10-11 00:00:00', NULL),
(551, 'paloma', 'palacios', 'glez', 'palpalgon@hotmail.com', '29b65169ac9cc7dc7682dc614461a841e7ccef2fcd73195bcaca021a1a4d019a', 'paloma palacios', '5541838581', NULL, 0, 2, '7d77502d1ae0ec770bc29b12f45b9848', '2016-10-11 00:00:00', NULL),
(552, 'Humberto', 'Sereno', 'Muñoz', 'humbertosereno@me.com', 'd9deb3db1def57476167f4cba02ba4edde607080cb9ecf1ae2ba03555d4cbbde', 'Humberto Sereno', '+52 (415) 153 3531', NULL, 1, 2, NULL, '2016-10-12 00:00:00', NULL),
(553, 'grecia', 'contreras', 'gil', 'grecia.mi2104@hotmail.com', '8c7df1b8102b9e95ee497c89ce551550139a2d8b783490974c69da7f047f7604', 'grecia contreras', '5553181776', NULL, 0, 2, NULL, '2016-10-12 00:00:00', NULL),
(554, 'nastaran', 'nast', 'eidani', 'nast1983@icloud.com', 'a5aecb5effd0f567f8e76ea92703185552e3c4349f6cc0dbce043a5c8d287a4f', 'nastaran nast', '3490841234', NULL, 1, 2, '', '2016-10-12 00:00:00', NULL),
(555, 'Mitzi', 'Lopez', 'Roldan', 'mlopez@ajarteobjeto.com', '2e3d977da8f195c3fc8ee0c8d377a42477cd3425c7826cb64d6537dd3f1d33cf', 'Mitzi Lopez', '9991492090', NULL, 1, 2, NULL, '2016-10-12 00:00:00', NULL),
(556, 'CLAUDIA', 'JEAN', 'GARCIA', 'CJEAN@HICKOKCOLE.COM', '4bd2d561e217ff6f2e3ed516c244ef02453e045528a46e471287062f226499a2', 'CLAUDIA JEAN', '2026679776', NULL, 1, 2, NULL, '2016-10-12 00:00:00', NULL),
(557, 'TERESA', 'GIL', 'ontiveros', 'tre_gil@hotmail.com', 'e3d34d457e89e8aea47ed6949998c3af629bdb6dcb06c6fbb44ae7cbca4ce78d', 'TERESA GIL', '5555031839', NULL, 0, 2, NULL, '2016-10-12 00:00:00', NULL),
(558, 'Bárbara', 'González', 'Haro', 'barbie.gh88@gmail.com', '9e5f2e1feb8ac5381a5b390c5579d0e44a0d4bc89f83b95f8b9e580f53b60a4f', 'Bárbara González', '4424324125', NULL, 0, 2, NULL, '2016-10-12 00:00:00', NULL),
(559, 'Carlos Alberto', 'Vazquez', 'Zendejas', 'cvazquezzendejas@gmail.com', 'cbded265ae512deef096b56b1641ee1c5fd159dd55529825aa83dabc2a96cc5a', 'Carlos Alberto Vazquez', '5560700020', NULL, 1, 2, NULL, '2016-10-12 00:00:00', NULL),
(560, 'karen', 'kresch', 'figueroa', 'karen@kminteriores.com', 'd9e1860de941b26bbb98b57c2a02ca80030b2b88f0f263747632f7d9c0e29d75', 'karen kresch', '5512346253', NULL, 1, 2, NULL, '2016-10-12 00:00:00', NULL),
(561, 'Maria', 'Zilleruelo', 'MOreno', 'mariajzilleruelo@gmail.com', 'ae9b38196678cd008101d118b67cb6269709e96eb1a141e6bf4ee1485802dda3', 'Maria Zilleruelo', '52925777', NULL, 1, 2, NULL, '2016-10-12 00:00:00', NULL),
(562, 'Zaida', 'Cortés', 'López', 'zcorteslopezz@gmail.com', '077600cc7dd1df63dbcc995ee4a19711b3ae295121b89dfa0f6737564cf5b1bc', 'Zaida Cortés', '9983144615', NULL, 1, 2, NULL, '2016-10-12 00:00:00', NULL),
(563, 'Mariana', 'Gil', 'Soto', 'mana_gil@hotmail.com', '225586d4c3990fd4d840ed1495471e485ad3e23f2dbb76380dd3a3d2aeb04045', 'Mariana Gil', '5518509412', NULL, 0, 2, NULL, '2016-10-13 00:00:00', NULL),
(564, 'Gaby', 'Chemali', 'Nassar', 'chemalig@outlook.com', '626a4d8532c2c2b02381ec38af15bca5308958c7a36f2a2d513eb28e3d9a17e5', 'Gaby Chemali', '4626260085', NULL, 0, 2, NULL, '2016-10-13 00:00:00', NULL);

-- --------------------------------------------------------

--
-- Estructura de tabla para la tabla `prensa_articulos`
--

CREATE TABLE IF NOT EXISTS `prensa_articulos` (
  `id_prensa_articulo` int(11) NOT NULL AUTO_INCREMENT,
  `descripcion` varchar(400) DEFAULT NULL,
  `foto_prensa_articulo` text,
  `id_prensa_caratula` int(11) DEFAULT NULL,
  PRIMARY KEY (`id_prensa_articulo`),
  KEY `caratula_idx` (`id_prensa_caratula`)
) ENGINE=InnoDB DEFAULT CHARSET=latin1 AUTO_INCREMENT=1 ;

-- --------------------------------------------------------

--
-- Estructura de tabla para la tabla `prensa_caratulas`
--

CREATE TABLE IF NOT EXISTS `prensa_caratulas` (
  `id_prensa_caratula` int(11) NOT NULL AUTO_INCREMENT,
  `descripcion` varchar(400) DEFAULT NULL,
  `foto_prensa_caratula` text,
  PRIMARY KEY (`id_prensa_caratula`)
) ENGINE=InnoDB DEFAULT CHARSET=latin1 AUTO_INCREMENT=1 ;

-- --------------------------------------------------------

--
-- Estructura de tabla para la tabla `productos`
--

CREATE TABLE IF NOT EXISTS `productos` (
  `id_producto` int(11) NOT NULL AUTO_INCREMENT,
  `codigo` varchar(250) DEFAULT NULL,
  `nombre` varchar(500) DEFAULT NULL,
  `descripcion` text,
  `precio` float DEFAULT NULL,
  `extra` text,
  `imagen` text,
  `estado` int(11) DEFAULT '2',
  PRIMARY KEY (`id_producto`)
) ENGINE=InnoDB  DEFAULT CHARSET=latin1 AUTO_INCREMENT=412 ;

--
-- Volcado de datos para la tabla `productos`
--

INSERT INTO `productos` (`id_producto`, `codigo`, `nombre`, `descripcion`, `precio`, `extra`, `imagen`, `estado`) VALUES
(1, '01RM05373G', 'CABECERA ESTELLA ', '<p>\r\n	218 x 5 x 146</p>\r\n', 13843.5, '<p>\r\n	&nbsp; &nbsp;</p>\r\n', '9311d-01rm05373g.jpg', 1),
(2, '01RM05368G', 'CABECERA CARLOS', '<p>\r\n	173 x 30 x 150</p>\r\n', 17440, '<p>\r\n	&nbsp; &nbsp;</p>\r\n', '91cb2-01rm05368g.jpg', 1),
(3, '02-1261', 'BURO NAGA', '<p>\r\n	66 x 41 x 82</p>\r\n', 12510, '<p>\r\n	&nbsp;&nbsp;</p>\r\n', '3b93c-02-1261.jpg', 2),
(4, '00-770', 'BURO 3 CAJONES', '<p>\r\n	65 x 42 x 85</p>\r\n', 9918, '<p>\r\n	&nbsp;&nbsp;</p>\r\n', '59572-00-770.jpg', 2),
(5, '02-1298', 'MESA CENTRO BAUL APROX', '<p>\r\n	143 x 69 x 46</p>\r\n', 18250, '<p>\r\n	&nbsp;&nbsp;</p>\r\n', 'ae8c9-02-1298.jpg', 3),
(6, '01RM07147', 'MESA LATERAL VALENCIA', '<p>\r\n	70 x 70 x 50</p>\r\n', 8045, '<p>\r\n	&nbsp;&nbsp;</p>\r\n', '13fc6-01rm07147.jpg', 2),
(7, '01RM04588M', 'MESA 2 NIVELES ', '<p>\r\n	122.5 x 58 x 74</p>\r\n', 9704, '<p>\r\n	&nbsp;&nbsp;</p>\r\n', 'd486c-01rm04588m.jpg', 3),
(8, '00-38', 'MESA REMO', '<p>\r\n	D46 x H59</p>\r\n', 8561, '<p>\r\n	&nbsp; &nbsp;&nbsp;</p>\r\n', 'b377e-00-38.jpg', 2),
(9, '02RA02587C', 'PUFF VINTAGE MUNDI', '<p>\r\n	D60</p>\r\n', 1904, '<p>\r\n	&nbsp;&nbsp;</p>\r\n', '06254-02ra02587c.jpg', 2),
(10, '01-705', 'PUFF FATO', '<p>\r\n	75 x 120</p>\r\n', 2581, '<p>\r\n	&nbsp;&nbsp;</p>\r\n', 'cc7f9-01-705.jpg', 2),
(11, '01-706', 'PUFF EMMA', '<p>\r\n	75 x 120</p>\r\n', 2581, '<p>\r\n	&nbsp;&nbsp;</p>\r\n', '0d61b-01-706.jpg', 2),
(12, '01RM01539C', 'SILLA RAQUEL', '<p>\r\n	50 x 59 x 102</p>\r\n', 8241, '<p>\r\n	&nbsp;&nbsp;</p>\r\n', '2c3bb-c2e54-01rm01539c.jpg', 2),
(13, '01-1375', 'SILLA NEGRA X', '<p>\r\n	47 x 42 x 89.5</p>\r\n', 1985, '<p>\r\n	&nbsp;&nbsp;</p>\r\n', '0fe88-01-1375.jpg', 2),
(14, '00-113', 'ESPEJO TORRE 3', '<p>\r\n	27 x 82 x 3</p>\r\n', 1742, '<p>\r\n	&nbsp;&nbsp;</p>\r\n', '217ca-00-113.jpg', 2),
(15, '00-1930', 'ESPEJO SIAM', '<p>\r\n	71 x 71 x 7.5</p>\r\n', 4792, '<p>\r\n	&nbsp;&nbsp;</p>\r\n', '1b156-00-1930.jpg', 2),
(16, '00RA07158', 'ESPEJO MIHRAB CONVEXO', '<p>\r\n	D51</p>\r\n', 3914, '<p>\r\n	&nbsp;&nbsp;</p>\r\n', '535ba-00ra07158.jpg', 2),
(17, '02-1027', 'ESPEJO IZMIR', '<p>\r\n	D112 x H5</p>\r\n', 8788, '<p>\r\n	&nbsp;&nbsp;</p>\r\n', '3be4e-02-1027.jpg', 2),
(18, '02AA07211', 'ESPEJO ATALA', '<p>\r\n	41 x 8 x 35 APROX</p>\r\n', 941, '<p>\r\n	&nbsp;&nbsp;</p>\r\n', 'cf539-02aa07211.jpg', 3),
(19, '00-520', 'TAPETE DE RAYAS TENA', '<p>\r\n	180 x 120 APROX</p>\r\n', 3508, '<p>\r\n	&nbsp;&nbsp;</p>\r\n', 'a9078-00-520.jpg', 2),
(20, '00-380', 'TAPETE DE LANA YACA', '<p>\r\n	180 x 122</p>\r\n', 3566, '<p>\r\n	&nbsp;&nbsp;</p>\r\n', '28f79-00-380.jpg', 2),
(21, '02RT00071GC', 'TAPETE YUTE CAFE', '<p>\r\n	400 x 300</p>\r\n', 17400, '<p>\r\n	&nbsp;&nbsp;</p>\r\n', '06608-02rt00071gc.jpg', 2),
(22, '02RT04237GC', 'TAPETE YUTE BERENJENA', '<p>\r\n	400 x 300</p>\r\n', 17400, '<p>\r\n	&nbsp;&nbsp;</p>\r\n', 'be258-02rt04237gc.jpg', 2),
(23, '02RT00060GC', 'TAPETE YUTE AZUL', '<p>\r\n	200 x 300</p>\r\n', 8700, '<p>\r\n	&nbsp;&nbsp;</p>\r\n', 'a4c7c-02rt00060gc.jpg', 2),
(24, '02RT02590M', 'TAPETE VINTAGE CRUZ', '<p>\r\n	130 x 180</p>\r\n', 1741, '<p>\r\n	&nbsp;&nbsp;</p>\r\n', '97f4c-02rt02590m.jpg', 1),
(25, '02RT00127GC', 'TAPETE TIRAS DE PIEL NEGRO', '<p>\r\n	300 x 300</p>\r\n', 12219.5, '<p>\r\n	&nbsp; &nbsp;</p>\r\n', '5ea63-02rt00127gc.jpg', 2),
(26, '02RT00133GC', 'TAPETE TIRAS DE PIEL BEIGE', '<p>\r\n	300 x 300</p>\r\n', 12219.5, '<p>\r\n	&nbsp;&nbsp;</p>\r\n', '80c74-02rt00133gc.jpg', 2),
(27, '01-1687', 'FUNDA P/COJIN LECHUZA', '<p>\r\n	50 x 50</p>\r\n', 245, '<p>\r\n	&nbsp;&nbsp;</p>\r\n', '26eda-01-1687.jpg', 2),
(28, '01-1690', 'FUNDA P/COJIN HEXAGONO', '<p>\r\n	50 x 50</p>\r\n', 245, '<p>\r\n	&nbsp;&nbsp;</p>\r\n', '243c6-01-1690.jpg', 2),
(29, '01-1684', 'FUNDA P/COJIN BINDI', '<p>\r\n	50 x 50</p>\r\n', 245, '<p>\r\n	&nbsp;&nbsp;</p>\r\n', '0dbec-01-1684.jpg', 2),
(30, '00RT07100', 'COJIN TIQUE', '<p>\r\n	60 x 35</p>\r\n', 1400, '<p>\r\n	&nbsp;&nbsp;</p>\r\n', 'b5078-00rt07100.jpg', 2),
(31, '00-1507', 'COJIN MERRIGOLD', '<p>\r\n	60 x 32</p>\r\n', 950, '<p>\r\n	&nbsp;&nbsp;</p>\r\n', 'd478c-00-1507.jpg', 2),
(32, '02RA02584C', 'COJIN C/RELLENO VINTAGE NR', '<p>\r\n	50 x 50</p>\r\n', 571.5, '<p>\r\n	&nbsp; &nbsp;</p>\r\n', 'cc765-02ra02584c.jpg', 2),
(33, '00-2105', 'COJIN BALCHE', '<p>\r\n	60 x 30</p>\r\n', 1463, '<p>\r\n	&nbsp;&nbsp;</p>\r\n', 'e872c-00-2105.jpg', 2),
(34, '04RA05817M', 'CAMINO MESA', '<p>\r\n	150 x 52</p>\r\n', 1885, '<p>\r\n	&nbsp;&nbsp;</p>\r\n', '63a78-04ra05817m.jpg', 2),
(35, '04RT01601G', 'FUNDA EDR. KING YUCA/LINO', '<p>\r\n	275 x 220</p>\r\n', 5067, '<p>\r\n	&nbsp;&nbsp;</p>\r\n', '25291-04rt01601g.jpg', 2),
(36, '04RT01603C', 'SABANA FLAT IND. YUCA/ LINO', '<p>\r\n	160 x 280</p>\r\n', 2172, '<p>\r\n	&nbsp;&nbsp;</p>\r\n', 'dda5f-04rt01603c.jpg', 2),
(37, '04-2163', 'MESA COLONIAL DE TECA', '<p>\r\n	D60 x H70</p>\r\n', 5418, '<p>\r\n	&nbsp;&nbsp;</p>\r\n', '6690c-04-2163.jpg', 2),
(38, '00-111', 'MESA MOTU ', '<p>\r\n	60 x 60 x 34</p>\r\n', 11527, '<p>\r\n	&nbsp;&nbsp;</p>\r\n', '853d2-00-111.jpg', 2),
(39, '03-1424', 'MESA CENTRO 50-100 AÑOS PRAVAT', '<p>\r\n	100 x 90 x 62</p>\r\n', 28139, '<p>\r\n	&nbsp;&nbsp;</p>\r\n', '2344b-03-1424.jpg', 2),
(40, '01-698', 'CAMA LOLA MORADA P/EXTERIOR', '<p>\r\n	55 x 40 x 10</p>\r\n', 573, '<p>\r\n	&nbsp;&nbsp;</p>\r\n', 'e4eed-01-698.jpg', 2),
(41, '01-704', 'PUFF POLY P/EXTERIOR', '<p>\r\n	135 x 180</p>\r\n', 2554, '<p>\r\n	&nbsp;&nbsp;</p>\r\n', '95427-01-704.jpg', 2),
(42, '04-2005', 'ESCULTURA DE RAIZ DE TECA C/BASE', '<p>\r\n	180 x 50 x 210</p>\r\n', 253973, '<p>\r\n	&nbsp;&nbsp;</p>\r\n', '280fa-04-2005.jpg', 2),
(43, '03-1445', 'CANDELABRO TECA 10 AÑOS GDE', '<p>\r\n	&nbsp;&nbsp;</p>\r\n', 375, '<p>\r\n	&nbsp; &nbsp;&nbsp;</p>\r\n', '55acd-03-1445.jpg', 2),
(44, '02AA02428C', 'PISO PARQUET DE TECA', '<p>\r\n	60 x 60</p>\r\n', 1846, '<p>\r\n	&nbsp;&nbsp;</p>\r\n', 'e539e-02aa02428c.jpg', 2),
(45, '04-1995', 'CUBIERTA P/CONSOLA LICHI NEGRA', '<p>\r\n	250 x 85 x 10 APROX</p>\r\n', 27911, '<p>\r\n	&nbsp;&nbsp;</p>\r\n', '3f6a1-04-1995.jpg', 2),
(46, '04-1999', 'BANCA DE LICHI ', '<p>\r\n	380 x 60 x 25 APROX</p>\r\n', 104668, '<p>\r\n	&nbsp;&nbsp;</p>\r\n', '44f11-04-1999.jpg', 2),
(47, '02RM07202', 'MESA LATERAL CAROLA ', '<p>\r\n	47 x 47 x 39 CMS APROX</p>\r\n', 3242, '<p>\r\n	&nbsp;&nbsp;</p>\r\n', '122f2-02rm07202.jpg', 2),
(48, '03-1162', 'MESA LATERAL ORIGO', '<p>\r\n	30 x 30 x 43 CMS APROX / DE 50 A 100 A&Ntilde;OS DE ANTIG&Uuml;EDAD</p>\r\n', 4377, '<p>\r\n	&nbsp;&nbsp;</p>\r\n', '2f0ee-03-1162.jpg', 2),
(49, '01RM07150', 'MESA LATERAL TORINO ', '<p>\r\n	48.5 x 75 x 55 CMS APROX</p>\r\n', 5551, '<p>\r\n	&nbsp;&nbsp;</p>\r\n', '19ea9-01rm07150.jpg', 2),
(50, '01RM07147', 'MESA LATERAL VALENCIA ', '<p>\r\n	70 x 70 x 50</p>\r\n', 8045, '<p>\r\n	&nbsp;&nbsp;</p>\r\n', 'e59a5-01rm07147.jpg', 2),
(51, '00-40', 'MESA ULISES ', '<p>\r\n	D116 x H41 CUBIERTA DE MARMOL/NOGAL</p>\r\n', 17115, '<p>\r\n	&nbsp;&nbsp;</p>\r\n', 'aa4d9-00-40.jpg', 2),
(52, '02-1287', 'MESA DE CENTRO SUMBA ', '<p>\r\n	137 x 92 x 49</p>\r\n', 21607, '<p>\r\n	&nbsp;&nbsp;</p>\r\n', '95a29-9af7e-02-1287.jpg', 2),
(53, '02-1298', 'MESA DE CENTRO BAUL ', '<p>\r\n	140 x 69 x 46 APROX</p>\r\n', 18250, '<p>\r\n	&nbsp;&nbsp;</p>\r\n', '55fcb-692d3-02-1298.jpg', 1),
(54, '01RM07146', 'MESA DE CENTRO VALENCIA', '<p>\r\n	130 x 70 x 40</p>\r\n', 9879, '<p>\r\n	&nbsp;&nbsp;</p>\r\n', '63f62-01rm07146.jpg', 2),
(55, '00RM06249G', 'CONSOLA FILIPO ', '<p>\r\n	214 x 40 x 57</p>\r\n', 9903, '<p>\r\n	&nbsp;&nbsp;</p>\r\n', 'b08a0-00rm06249g.jpg', 2),
(56, '02RM07243', 'CONSOLA KALI', '<p>\r\n	68 x 36 x 75</p>\r\n', 10265, '<p>\r\n	&nbsp;&nbsp;</p>\r\n', '7b2c1-02rm07243.jpg', 2),
(57, '01RM04587M', 'CONSOLA MEDIA LUNA', '<p>\r\n	142 x 56 x 88</p>\r\n', 10044, '<p>\r\n	&nbsp;&nbsp;</p>\r\n', 'c586c-01rm04587m.jpg', 2),
(58, '02-1288', 'CONSOLA SUMBA ', '<p>\r\n	182 x 46 x 90</p>\r\n', 18764, '<p>\r\n	&nbsp;&nbsp;</p>\r\n', 'f03d6-02-1288.jpg', 2),
(59, '00RM07074G', 'SOFA HOMERO CHOCOLATE', '<p>\r\n	230 x 110 x 67</p>\r\n', 71050, '<p>\r\n	&nbsp;&nbsp;</p>\r\n', '5b2c5-00rm07074g.jpg', 2),
(60, '01RM04694M', 'SILLON ALVA', '<p>\r\n	77 x 76.5 x 134.5</p>\r\n', 15848, '<p>\r\n	&nbsp;&nbsp;</p>\r\n', '5a71b-01rm04694m.jpg', 2),
(61, '00RM07076M', 'SILLON HORACIO', '<p>\r\n	61 x 65 x 70</p>\r\n', 19140, '<p>\r\n	&nbsp;&nbsp;</p>\r\n', '8cde5-00rm07076m.jpg', 2),
(62, '00RM00859C', 'GABINETE MEDERIK', '<p>\r\n	80 x 55 x 248</p>\r\n', 20825, '<p>\r\n	&nbsp;&nbsp;</p>\r\n', '1b1c2-00rm00859c.jpg', 2),
(63, '01RM06026M', 'GABINETE PARA MEDICINA BLANCO ', '<p>\r\n	120 x 51 x 150</p>\r\n', 70644, '<p>\r\n	&nbsp;&nbsp;</p>\r\n', '0234b-01rm06026m.jpg', 2),
(64, '00RM00986C', 'GABINETE PHARMACIST', '<p>\r\n	80 x 46 x 250</p>\r\n', 23562, '<p>\r\n	&nbsp;&nbsp;</p>\r\n', 'a21dc-00rm00986c.jpg', 2),
(65, '00RM04596G', 'LIBRERO JOSEL ', '<p>\r\n	111 x 50 x 252</p>\r\n', 22320, '<p>\r\n	&nbsp;&nbsp;</p>\r\n', '0c428-bd6a8-00rm04596g.jpg', 2),
(66, '00RI04732G', 'LAMPARA DE PISO CON ESFERAS', '<p>\r\n	30 x 30 x 189&nbsp;C/PANTALLA</p>\r\n', 6062, '<p>\r\n	ALTAS</p>\r\n', '3bc50-00ri04732g.jpg', 2),
(67, '00-289', 'LAMPARA DE AGUA LATON', '<p>\r\n	38 x 45 / DORADA ICOSAEDRO&nbsp;</p>\r\n', 4370, '<p>\r\n	GEOMETRICA</p>\r\n', '12afd-00-289.jpg', 2),
(68, '00-105', 'LAMPARA BALERO', '<p>\r\n	12 x 16</p>\r\n', 3529, '<p>\r\n	BICOLOR</p>\r\n', '29109-00-105.jpg', 2),
(69, '00-83', 'LAMPARA HORMIGON GRANDE', '<p>\r\n	D27 x H24</p>\r\n', 1882, '<p>\r\n	CONTEMPO</p>\r\n', '537e9-00-83.jpg', 2),
(70, '00-1471', 'LAMPARA KABUL GRANDE', '<p>\r\n	D90 x H41/CADENA 2M</p>\r\n', 8200, '<p>\r\n	INDUSTRIAL</p>\r\n', '861ab-00-1471.jpg', 2),
(71, '00-856', 'LAMPARA LOTUS', '<p>\r\n	CRISTAL</p>\r\n', 3432, '<p>\r\n	COLGANTE</p>\r\n', 'e7d4d-00-856.jpg', 2),
(72, '00-1674', 'LAMPARA OTTO', '<p>\r\n	D32 x H36</p>\r\n', 4671, '<p>\r\n	COBRE</p>\r\n', 'b8eb1-00-1674.jpg', 2),
(73, '00-252', 'LAMPARA UNIVERSO DE LATON', '<p>\r\n	DORADA 12 LADOS</p>\r\n', 4175, '<p>\r\n	GEOMETRICA</p>\r\n', '841e6-00-252.jpg', 2),
(74, '02-1307', 'ARBOTANTE DE MARMOL  CHICO', '<p>\r\n	14 x 13 x 26</p>\r\n', 2502, '<p>\r\n	BCO</p>\r\n', 'ba173-02-1307.jpg', 2),
(75, '00-2155', 'ARBOTANTE MUTI GRIS OSCURO', '<p>\r\n	24.8 x 47 x 2</p>\r\n', 2186, '<p>\r\n	PARED</p>\r\n', '40ce8-00-2155.jpg', 2),
(76, '00RI00762C', 'LAMPARA DE MESA PETRANOVA OBSCURA ', '<p>\r\n	28 x 28 x 100 / CON 1 FOCO EDISON LARGO&nbsp;</p>\r\n', 3840, '<p>\r\n	NEGRA</p>\r\n', 'f168c-00ri00762c.jpg', 2),
(77, '00-2498', 'LINTERNILLA JALI DE MESA CHICA', '<p>\r\n	D22 x H26</p>\r\n', 2125, '<p>\r\n	METAL</p>\r\n', 'c51b7-00-2498.jpg', 2),
(78, '02-859', 'BOTELLA PARA VINO MADA ', '<p>\r\n	D9 x H25</p>\r\n', 92, '<p>\r\n	&nbsp;&nbsp;</p>\r\n', '143c2-5297b-02-859.jpg', 2),
(79, '02-890', 'CONTENEDOR BISCOTTI ', '<p>\r\n	D15 x H20</p>\r\n', 462, '<p>\r\n	&nbsp;&nbsp;</p>\r\n', 'a347b-02-890.jpg', 2),
(80, '02-888', 'CONTENEDOR DOLCE ', '<p>\r\n	D9 x H16</p>\r\n', 188, '<p>\r\n	&nbsp;&nbsp;</p>\r\n', '2c046-02-888.jpg', 2),
(81, '02-861', 'JARRA PARA LECHE ', '<p>\r\n	D8 x D25</p>\r\n', 216, '<p>\r\n	&nbsp;&nbsp;</p>\r\n', 'c06ce-0bc08-02-861.jpg', 2),
(82, '02RA06903C', 'BOTELLA ACQUA ', '<p>\r\n	D18 x H32</p>\r\n', 455, '<p>\r\n	&nbsp;&nbsp;</p>\r\n', 'd4731-02ra06903c.jpg', 2),
(83, '02RA01491C', 'BOTELLA PORTO', '<p>\r\n	10 x 10 x 19</p>\r\n', 216, '<p>\r\n	&nbsp;&nbsp;</p>\r\n', '3ca44-02ra01491c.jpg', 2),
(84, '00-115', 'ESPEJO TORRE 5 PIEZAS', '<p>\r\n	27 x 137 x 3</p>\r\n', 2903, '<p>\r\n	&nbsp;&nbsp;</p>\r\n', '7d3bf-00-115.jpg', 2),
(85, '00-268', 'ESPEJO SOL', '<p>\r\n	D90 /NOGAL Y VARIAS MADERAS</p>\r\n', 7287, '<p>\r\n	&nbsp;&nbsp;</p>\r\n', '46120-00-268.jpg', 2),
(86, '00-263', 'ESPEJO LANDI PLANO', '<p>\r\n	SET 9</p>\r\n', 7879, '<p>\r\n	&nbsp;&nbsp;</p>\r\n', '881eb-00-263.jpg', 2),
(87, '00RA03473G', 'ESPEJO CARLO GRANDE', '<p>\r\n	D80</p>\r\n', 3689, '<p>\r\n	&nbsp;&nbsp;</p>\r\n', '7cfcf-00ra03473g.jpg', 2),
(88, '02-1312', 'LINTERNILLA OMAN GRANDE', '<p>\r\n	32 x 32 x 90</p>\r\n', 4435, '<p>\r\n	&nbsp;&nbsp;</p>\r\n', 'c34a9-02-1312.jpg', 3),
(89, '03-1447', 'CANDELABRO PRAVAT MEDIANO ', '<p>\r\n	10-20 A&Ntilde;OS</p>\r\n', 225, '<p>\r\n	&nbsp;&nbsp;</p>\r\n', '808f3-03-1447.jpg', 2),
(90, '00RA06342M', 'VELA ESFERA ESCAMADA CREMA CHICA', '<p>\r\n	D16 C/1 VELA</p>\r\n', 385, '<p>\r\n	&nbsp;&nbsp;</p>\r\n', 'ba7e6-00ra06342m.jpg', 2),
(91, '00RA06343M', 'VELA ESFERA ESCAMADA GRIS CHICA', '<p>\r\n	D16 C/1 VELA</p>\r\n', 385, '<p>\r\n	&nbsp;&nbsp;</p>\r\n', 'e1384-00ra06343m.jpg', 2),
(92, '02AA06699C', 'PLATON PARAT ', '<p>\r\n	48 x 34 x 7</p>\r\n', 1825, '<p>\r\n	&nbsp;&nbsp;</p>\r\n', '7d35d-02aa06699c.jpg', 2),
(93, '01AA04418C', 'CESTO SHANXI DE RATAN ', '<p>\r\n	60-40 x 23 x 39 APROX</p>\r\n', 2567, '<p>\r\n	&nbsp;&nbsp;</p>\r\n', 'ddaa2-01aa04418c.jpg', 2),
(94, '03-1450', 'BOWL', '<p>\r\n	45 x 20 x 7 / 10-20 A&Ntilde;OS&nbsp;</p>\r\n', 2001, '<p>\r\n	&nbsp;&nbsp;</p>\r\n', '9f794-03-1450.jpg', 2),
(95, '01RA03160C', 'BUSTO MAO', '<p>\r\n	18 x 25 x 10</p>\r\n', 1204, '<p>\r\n	&nbsp;&nbsp;</p>\r\n', '81a1c-01ra03160c.jpg', 2),
(96, '01RA06514C', 'ESCULTURA LUCIUS', '<p>\r\n	36 x 36 x 68</p>\r\n', 3770, '<p>\r\n	&nbsp;&nbsp;</p>\r\n', '8f10d-01ra06514c.jpg', 2),
(97, '01RM04520C', 'SILLA INDUSTRIAL ', '<p>\r\n	36 x 52 x 86</p>\r\n', 3863, '<p>\r\n	ACERO INOXIDABLE</p>\r\n', 'bc6c0-01rm04520c.jpg', 2),
(98, '01-1374', 'SILLA BISTROT', '<p>\r\n	48 x 43 x 90</p>\r\n', 1528, '<p>\r\n	&nbsp;&nbsp;</p>\r\n', '9ea49-01-1374.jpg', 2),
(99, '01RM01539C', 'SILLA RAQUEL', '<p>\r\n	50 x 59 x 102</p>\r\n', 8241, '<p>\r\n	&nbsp;&nbsp;</p>\r\n', '857f0-c2e54-01rm01539c.jpg', 2),
(100, '07RM02718C', 'SILLA BAR AVILA ', '<p>\r\n	54 x 44 x 113</p>\r\n', 3445, '<p>\r\n	&nbsp;&nbsp;</p>\r\n', '83649-07rm02718c.jpg', 2),
(101, '08RM05289M', 'SILLA MAX BLANCA ', '<p>\r\n	62 x 52 x 80</p>\r\n', 15247, '<p>\r\n	&nbsp; &nbsp;</p>\r\n', '2a75b-08rm05289m.jpg', 2),
(102, '08RM04892M', 'SILLA MAX OLIVO ', '<p>\r\n	62 x 52 x 80</p>\r\n', 15247, '<p>\r\n	&nbsp;&nbsp;</p>\r\n', '09dc4-08rm04892m.jpg', 2),
(103, '01RM07142', 'SILLA MILAN ', '<p>\r\n	60.5 x 47 x 89</p>\r\n', 3664, '<p>\r\n	&nbsp;&nbsp;</p>\r\n', '03bb0-01rm07142.jpg', 2),
(104, '00-87', 'BANCO ARON', '<p>\r\n	48 x 39 x 86</p>\r\n', 14616, '<p>\r\n	NOGAL</p>\r\n', '051fe-00-87.jpg', 2),
(105, '02RM03677C', 'BANCO INDUSTRIAL ', '<p>\r\n	30 x 30 x 70</p>\r\n', 2476, '<p>\r\n	&nbsp; &nbsp;</p>\r\n', '09d8f-02rm03677c.jpg', 2),
(106, '00-1681', 'BANCO OSKAR', '<p>\r\n	41 x 44 x 82</p>\r\n', 11380, '<p>\r\n	NOGAL</p>\r\n', 'd2825-00-1681.jpg', 2),
(107, '02-1309', 'BANCO BANTI ', '<p>\r\n	D36 x H41</p>\r\n', 4321, '<p>\r\n	&nbsp;&nbsp;</p>\r\n', '81b52-02-1309.jpg', 1),
(108, '01RM02041G', 'COMEDOR AMPARO MEDIANO', '<p>\r\n	280 x 110 x 78</p>\r\n', 49525, '<p>\r\n	&nbsp; &nbsp;</p>\r\n', 'ea0c2-01rm02041g.jpg', 2),
(109, '01RM07145', 'COMEDOR VALENCIA', '<p>\r\n	240 x 100 x 76</p>\r\n', 18771, '<p>\r\n	&nbsp;&nbsp;</p>\r\n', 'ba06f-01rm07145.jpg', 2),
(110, '00-1663', 'MESA ASKANA', '<p>\r\n	D90 x H70 C/CUBIERTA DE VIDRIO</p>\r\n', 11900, '<p>\r\n	&nbsp;&nbsp;</p>\r\n', '14209-00-1663.jpg', 2),
(111, '02-1289', 'MESA BANTI MEDIANA', '<p>\r\n	D76 x H78</p>\r\n', 21607, '<p>\r\n	&nbsp;&nbsp;</p>\r\n', '27b55-02-1289.jpg', 1),
(112, '00-684', 'MESA JULIÁN REDONDA ', '<p>\r\n	D120 x H75</p>\r\n', 26100, '<p>\r\n	NOGAL</p>\r\n', '9a8ea-00-684.jpg', 2),
(113, '01RM07144', 'COMEDOR BILBAO ', '<p>\r\n	140 x 140 x 76</p>\r\n', 18582, '<p>\r\n	&nbsp;&nbsp;</p>\r\n', '66962-01rm07144.jpg', 2),
(114, '00RM03271G', 'PERIQUERA DE TECA', '<p>\r\n	300 x 110 x 90</p>\r\n', 41120, '<p>\r\n	&nbsp;&nbsp;</p>\r\n', 'caebb-00rm03271g.jpg', 2),
(115, '01-825', 'BUFET CON 5 PUERTAS ', '<p>\r\n	218 x 48 x 92</p>\r\n', 83642, '<p>\r\n	&nbsp;&nbsp;</p>\r\n', '1c7c8-01-825.jpg', 2),
(116, '01-772', 'BUFET CON 5 PUERTAS ', '<p>\r\n	224 x 45 x 87</p>\r\n', 65598, '<p>\r\n	&nbsp;&nbsp;</p>\r\n', 'ae5cd-01-772.jpg', 1),
(117, '01RM00264M', 'BUFFET XIAN ', '<p>\r\n	170 x 50 x 80</p>\r\n', 25753, '<p>\r\n	&nbsp;&nbsp;</p>\r\n', '062a4-01rm00264m.jpg', 2),
(118, '00-752', 'PLATO BASE MARIE ', '<p>\r\n	29 x 29 x 2.5</p>\r\n', 129, '<p>\r\n	&nbsp;&nbsp;</p>\r\n', '995d1-00-752.jpg', 2),
(119, '00RA01261C', 'PLATO BASE TUSCANY ', '<p>\r\n	33 x 33 x 3.5</p>\r\n', 207, '<p>\r\n	&nbsp;&nbsp;</p>\r\n', '02498-00ra01261c.jpg', 2),
(120, '00RA01267C', 'PLATO BASE YVANA', '<p>\r\n	30 x 30 x 3</p>\r\n', 176, '<p>\r\n	&nbsp; &nbsp;</p>\r\n', 'ec454-00ra01267c.jpg', 2),
(121, '00RA01301C', 'TAZA TUSCANY CON PLATO', '<p>\r\n	9 x 8</p>\r\n', 147, '<p>\r\n	&nbsp;&nbsp;</p>\r\n', '9d47b-00ra01301c.jpg', 2),
(122, '04-274', 'CHAROLA DE RATAN ', '<p>\r\n	D50 x H8</p>\r\n', 980, '<p>\r\n	&nbsp;&nbsp;</p>\r\n', '2f49c-04-274.jpg', 2),
(123, '11RA05739C', 'CHAROLA DE RATAN REDONDA', '<p>\r\n	48 x 48 x 5</p>\r\n', 1024, '<p>\r\n	&nbsp;&nbsp;</p>\r\n', '8ab8d-11ra05739c.jpg', 2),
(124, '11RA05726C', 'TERMO RATÁN', '<p>\r\n	16 x 16 x 24</p>\r\n', 2791, '<p>\r\n	&nbsp;&nbsp;</p>\r\n', '70ef8-11ra05726c.jpg', 2),
(125, '02-862', 'CAPELO KAFEDI CON CUERDA', '<p>\r\n	D25 x H20 APROX</p>\r\n', 439.5, '<p>\r\n	&nbsp;&nbsp;</p>\r\n', '58854-02-862.jpg', 2),
(126, '01-825', 'BUFET CON 5 PUERTAS ', '<p>\r\n	218 x 48 x 92</p>\r\n', 83642, '<p>\r\n	&nbsp;&nbsp;</p>\r\n', '600d6-01-825.jpg', 2),
(127, '01-772', 'BUFET CON 5 PUERTAS ', '<p>\r\n	224 x 45 x 87</p>\r\n', 65598, '<p>\r\n	&nbsp;&nbsp;</p>\r\n', 'b4ebe-01-772.jpg', 1),
(128, '03-1424', 'MESA CENTRO PRAVAT ', '<p>\r\n	100 x 90 x 62 / 50-100 A&Ntilde;OS</p>\r\n', 28139, '<p>\r\n	&nbsp;&nbsp;</p>\r\n', '41fac-03-1424.jpg', 2),
(129, '03-1171', 'MESA CENTRO PRAVAT ', '<p>\r\n	100 x 40 x 38 / 150-200 A&Ntilde;OS</p>\r\n', 15008, '<p>\r\n	&nbsp;&nbsp;</p>\r\n', 'ef77e-03-1171.jpg', 2),
(130, '03-1452', 'MESA CENTRO SUNAN ', '<p>\r\n	144 x 105 x 45 / 10-20 A&Ntilde;OS</p>\r\n', 56278, '<p>\r\n	&nbsp;&nbsp;</p>\r\n', 'ec9d5-03-1452.jpg', 2),
(131, '04AA03164M', 'CAJA FUERTE', '<p>\r\n	165 x 70 x 60</p>\r\n', 255971, '<p>\r\n	&nbsp;&nbsp;</p>\r\n', '45248-04aa03164m.jpg', 2),
(132, '04AA03166C', 'CAMARA DE PLACAS', '<p>\r\n	&nbsp; &nbsp;</p>\r\n', 356134, '<p>\r\n	&nbsp; &nbsp;</p>\r\n', '64de5-04aa03166c.jpg', 2),
(133, '03AA00163C', 'TAMBOR DE BRONCE ', '<p>\r\n	40 x 40 x 60</p>\r\n', 190766, '<p>\r\n	&nbsp;&nbsp;</p>\r\n', '0556f-03aa00163c.jpg', 2),
(134, '02AM03336M', 'PUERTA ANTIGUA RAJASTAN', '<p>\r\n	170 x 88</p>\r\n', 108054, '<p>\r\n	&nbsp;&nbsp;</p>\r\n', '03986-02am03336m.jpg', 2),
(135, '01-1882', 'PORTAVIANDAS CAZADOR ROJO', '<p>\r\n	79 x 79 x 102</p>\r\n', 82500, '<p>\r\n	&nbsp;&nbsp;</p>\r\n', '35aaa-01-1882.jpg', 2),
(136, '11AM05685C', 'ALTAR', '<p>\r\n	75 x 65 x 62</p>\r\n', 37700, '<p>\r\n	&nbsp;&nbsp;</p>\r\n', 'ef593-11am05685c.jpg', 2),
(137, '00-1934', 'BANCA AMPARO', '<p>\r\n	200 x 34 x 90 / CON RESPALDO&nbsp;&nbsp; &nbsp; &nbsp; &nbsp;</p>\r\n', 9396, '<p>\r\n	RUSTICO</p>\r\n', '6d142-00-1934.jpg', 2),
(138, '00-1935', 'BANCA AMPARO   ', '<p>\r\n	200 x 34 x 47 &nbsp;&nbsp;</p>\r\n', 8665, '<p>\r\n	RUSTICO</p>\r\n', '5364a-00-1935.jpg', 2),
(139, '00-3268', 'REVISTERO ', '<p>\r\n	46 x 23 x 50 / CON MARMOL&nbsp;&nbsp; &nbsp; &nbsp; &nbsp;</p>\r\n', 5324, '<p>\r\n	CONTEMPO</p>\r\n', '855f5-00-3268.jpg', 2),
(140, '00-2145', 'BURO SAMA ', '<p>\r\n	55 x 40 x 50 &nbsp;&nbsp;</p>\r\n', 11638, '<p>\r\n	CONTEMPO</p>\r\n', 'c6e47-00-2145.jpg', 2),
(141, '00-2147', 'BURO SALIM ', '<p>\r\n	60 x 40 x 60 &nbsp; &nbsp;&nbsp;</p>\r\n', 10530, '<p>\r\n	CONTEMPO</p>\r\n', 'a417b-00-2147.jpg', 1),
(142, '00-48', 'MESA JULIAN   ', '<p>\r\n	&nbsp;220 x 100 x 75 /NOGAL &nbsp;</p>\r\n', 32949, '<p>\r\n	CONTEMPO</p>\r\n', 'c5d0a-00-48.jpg', 2),
(143, '00-254', 'MESA JULIAN CUBIERTA DE MARMOL    ', '<p>\r\n	220 x 100 x 75 /NOGAL &nbsp;&nbsp;</p>\r\n', 41134, '<p>\r\n	CONTEMPO</p>\r\n', 'eba86-00-254.jpg', 2),
(144, '00-1940', 'MESA AMPARO ', '<p>\r\n	300 x 105 x 78 / OYAMEL &nbsp; &nbsp;&nbsp;</p>\r\n', 28200, '<p>\r\n	RUSTICO</p>\r\n', '28854-00-1940.jpg', 2),
(145, '00-3219', 'MESA DE TECA              ', '<p>\r\n	300 x 100 x 79 &nbsp; &nbsp;&nbsp;</p>\r\n', 77800, '<p>\r\n	EXTERIOR</p>\r\n', '377d7-00-3219.jpg', 2),
(146, '00-653', 'PERIQUERA ALCOCER       ', '<p>\r\n	160 x 80 x 110 &nbsp; &nbsp; &nbsp; &nbsp; &nbsp; &nbsp;</p>\r\n', 12528, '<p>\r\n	RUSTICO</p>\r\n', 'b7c3a-00-653.jpg', 2),
(147, '00-3247', 'COMEDOR RENEE   ', '<p>\r\n	240 x 105 x 76 &nbsp;ALDER&nbsp;C/CEMENTO&nbsp; &nbsp;</p>\r\n', 30589, '<p>\r\n	CONTEMPO</p>\r\n', '31ffc-00-3247.jpg', 2),
(148, '00-89', 'SILLA GASPAR                  ', '<p>\r\n	53 x 48 x 66 /NOGAL &nbsp;&nbsp;</p>\r\n', 13062, '<p>\r\n	CONTEMPO</p>\r\n', '78589-00-89.jpg', 2),
(149, '00-90', 'SILLA EUGENIO          ', '<p>\r\n	53 x 48 x 66 /NOGAL&nbsp;</p>\r\n', 13062, '<p>\r\n	CONTEMPO</p>\r\n', 'c4454-00-90.jpg', 2),
(150, '00-88', 'SILLA EMILIO ', '<p>\r\n	&nbsp;49.5 x 49 x 81 / NOGAL / PIEL NEGRA &nbsp; &nbsp; &nbsp; &nbsp;</p>\r\n', 12841, '<p>\r\n	CONTEMPO</p>\r\n', 'ec1ee-00-88.jpg', 2),
(151, '00-270', 'SILLA ALVARO ', '<p>\r\n	53 x 47 x 75 /NOGAL &nbsp; &nbsp;</p>\r\n', 15034, '<p>\r\n	CONTEMPO</p>\r\n', 'c9f0a-00-270.jpg', 2),
(152, '00-1828', 'BANCO ARON ', '<p>\r\n	&nbsp;48 x 39 x 110 / &nbsp;NOGAL CON RESPALDO &nbsp; &nbsp; &nbsp; &nbsp;&nbsp;</p>\r\n', 15138, '<p>\r\n	CONTEMPO</p>\r\n', 'cf258-69bad-00-1828.jpg', 2),
(153, '00-1936', 'MESA LATERAL UBUD ', '<p>\r\n	65 x 65 x 65 &nbsp; &nbsp;&nbsp;</p>\r\n', 2730, '<p>\r\n	RUSTICO</p>\r\n', 'b3118-00-1936.jpg', 2),
(154, '00-1831', 'MESA MOLDAVIA ', '<p>\r\n	D50 x 54 /HAYA C/PZA BRONCE &nbsp; &nbsp; &nbsp; &nbsp; &nbsp;&nbsp;</p>\r\n', 8044, '<p>\r\n	CONTEMPO</p>\r\n', '77422-00-1831.jpg', 2),
(155, '00-2509', 'CANDIL DALIAN       ', '<p>\r\n	&nbsp;72 x 72 x 75 &nbsp; &nbsp;</p>\r\n', 4936, '<p>\r\n	COLGANTE</p>\r\n', '19931-00-2509.jpeg', 2),
(156, '00-2510', 'CANDIL ORISSA  ', '<p>\r\n	&nbsp;80 x 80 x 60&nbsp;</p>\r\n', 4135, '<p>\r\n	COLGANTE</p>\r\n', 'ef80d-00-2510.jpg', 2),
(157, '00-324', 'LAMPARA DE PIE NORMAN ', '<p>\r\n	51 x 154 /NOGAL CON PANTALLA NEGRA&nbsp;&nbsp;&nbsp;</p>\r\n', 10511, '<p>\r\n	CONTEMPO</p>\r\n', '301c5-00-324.jpg', 2),
(158, '00-82', 'LAMPARA PEDRO           ', '<p>\r\n	D60 x H160 &nbsp; &nbsp;&nbsp;</p>\r\n', 5364, '<p>\r\n	RUSTICO</p>\r\n', 'a1767-00-82.jpg', 2),
(159, '00RI07025C', 'LAMPARA AXIOMA           ', '<p>\r\n	40 x 40 x 40 &nbsp; &nbsp; &nbsp; &nbsp;</p>\r\n', 1227, '<p>\r\n	CONTEMPO</p>\r\n', '9f8d4-00ri07025c.jpg', 2),
(160, '00-1832', 'LAMPARA PASCUAL   ', '<p>\r\n	30 &nbsp;x 20 x 38&nbsp;</p>\r\n', 3132, '<p>\r\n	RUSTICO</p>\r\n', '738db-00-1832.jpg', 2),
(161, '00-529', 'LAMPARA DE PIE AGUA ', '<p>\r\n	57 x 57 x 170 &nbsp; &nbsp;&nbsp;</p>\r\n', 2297, '<p>\r\n	CONTEMPO</p>\r\n', 'ea8e3-00-529.jpg', 2),
(162, '00-2129', 'LAMPARA TROMPO ', '<p>\r\n	D17 x H19.5 / NOGAL &nbsp; &nbsp; &nbsp;</p>\r\n', 3042, '<p>\r\n	CONTEMPO</p>\r\n', '4f322-00-2129.jpg', 2),
(163, '00-2489', 'CANDIL TRAPECIO      ', '<p>\r\n	127 x 60 x 67 / CON NOGAL&nbsp;&nbsp; &nbsp; &nbsp; &nbsp; &nbsp;</p>\r\n', 17539, '<p>\r\n	COLGANTE</p>\r\n', 'bf3a8-00-2489.jpg', 2),
(164, '00-3201', 'CANDIL CUNA CHICO   ', '<p>\r\n	D70 x H195 APROX &nbsp; &nbsp;</p>\r\n', 21715, '<p>\r\n	DISE&Ntilde;O</p>\r\n', '6aa9d-00-3201.jpg', 2),
(165, '00-1951', 'CANDIL ORBITA ', '<p>\r\n	D81 &nbsp;&nbsp;</p>\r\n', 6467, '<p>\r\n	COLGANTE</p>\r\n', 'b792a-00-1951.jpg', 2),
(166, '00-1842', 'CANDIL ARAT ', '<p>\r\n	D60 x H45 &nbsp; &nbsp; &nbsp;&nbsp;</p>\r\n', 11574, '<p>\r\n	COLGANTE</p>\r\n', '49ea0-00-1842.jpg', 2),
(167, '00-2662', 'BANCO OSSIA ', '<p>\r\n	D31 x H55 / ENCINO O NOGAL&nbsp;&nbsp; &nbsp; &nbsp;&nbsp;</p>\r\n', 6682, '<p>\r\n	CONTEMPO</p>\r\n', '090b3-00-2662.jpg', 2),
(168, '00-1929', 'BANQUITO MIX ', '<p>\r\n	49 x 39 x 49 &nbsp; &nbsp; &nbsp; &nbsp; &nbsp;&nbsp;</p>\r\n', 2808, '<p>\r\n	CONTEMPO</p>\r\n', 'e2e72-00-1929.jpg', 2),
(169, '00-3463', 'LAMPARA FAUSTO', '<p>\r\n	D24 x H26</p>\r\n', 5786, '<p>\r\n	COLGANTE</p>\r\n', '0b179-00-3463.jpg', 2),
(170, '00-3464', 'LAMPARA ROMAN', '<p>\r\n	D16 x H25</p>\r\n', 3613, '<p>\r\n	COLGANTE</p>\r\n', '826e4-00-3464.jpg', 2),
(171, '00-3465', 'LAMPARA DONATO', '<p>\r\n	D24 x H22</p>\r\n', 5786, '<p>\r\n	COLGANTE</p>\r\n', '66722-00-3465.jpg', 2),
(172, '00-3466', 'LAMPARA AGRA', '<p>\r\n	D26 x H25</p>\r\n', 2250, '<p>\r\n	COLGANTE</p>\r\n', '1e2b9-00-3466.jpg', 2),
(173, '00-3467', 'LAMPARA BURSA ', '<p>\r\n	D26 x H24</p>\r\n', 2021, '<p>\r\n	COLGANTE</p>\r\n', 'c72d2-00-3467.jpg', 2),
(174, '00-3468', 'LAMPARA ABEL', '<p>\r\n	D11 x H27</p>\r\n', 1810, '<p>\r\n	COLGANTE</p>\r\n', '15bdb-00-3468.jpg', 2),
(175, '00-3469', 'LAMPARA EMMA', '<p>\r\n	D13 x H30</p>\r\n', 2062, '<p>\r\n	COLGANTE</p>\r\n', '58d1a-00-3469.jpg', 2),
(176, '00-3471', 'ARBOTANTE KATIA', '<p>\r\n	13 x 16 x 40</p>\r\n', 1550, '<p>\r\n	PARED</p>\r\n', '10a07-00-3471.jpg', 2),
(177, '00-3472', 'ARBOTANTE INES', '<p>\r\n	15 x 24 x 41</p>\r\n', 1596, '<p>\r\n	PARED</p>\r\n', '74248-00-3472.jpg', 2),
(178, '00-3473', 'ARBOTANTE ULAN', '<p>\r\n	13 x 22 x 38</p>\r\n', 1596, '<p>\r\n	PARED</p>\r\n', '6643d-00-3473.jpg', 2),
(179, '00-3474', 'ARBOTANTE PUSAN       ', '<p>\r\n	22 x 33 x 37</p>\r\n', 4322, '<p>\r\n	PARED</p>\r\n', '9af92-00-3474.jpg', 2),
(180, '00-3475', 'ARBOTANTE STAN       ', '<p>\r\n	31 x 50 x 45</p>\r\n', 4584, '<p>\r\n	PARED</p>\r\n', '4f4c3-00-3475.jpg', 2),
(181, '00-3476', 'ARBOTANTE OTTO  ', '<p>\r\n	32 x 52 x 42</p>\r\n', 4294, '<p>\r\n	PARED</p>\r\n', '00362-00-3476.jpg', 2),
(182, '00-3477', 'ARBOTANTE DAKAR', '<p>\r\n	10 x 14 x 19</p>\r\n', 1469, '<p>\r\n	PARED</p>\r\n', '205f6-00-3477.jpg', 2),
(183, '00-1550', 'ESFERA MADERA ENCHINADA 	                              ', '<p>\r\n	D45 x H65 APROX / ELECTRIFICADA CON BASE&nbsp;&nbsp; &nbsp; &nbsp; &nbsp; &nbsp; &nbsp;</p>\r\n', 6168, '<p>\r\n	MESA</p>\r\n', '2935f-00-1550.jpg', 2),
(184, '00-1662	', 'LAMPARA TORRE BRONCE	', '<p>\r\n	50 x 36 x 190 &nbsp;&nbsp;</p>\r\n', 10900, '<p>\r\n	PISO</p>\r\n', '737d6-00-1662.jpg', 2),
(185, '00-2166		       ', 'LAMPARA BRUNO COBRE/NEGRO', '<p>\r\n	D31 x H25&nbsp;</p>\r\n', 2981, '<p>\r\n	COLGANTE</p>\r\n', '823ec-00-2166.jpg', 2),
(186, '00-2167	 	       	', 'LAMPARA DARIO COBRE/NEGRO', '<p>\r\n	D11 x H26</p>\r\n', 2594, '<p>\r\n	COLGANTE</p>\r\n', '0bdb6-00-2167.jpg', 2),
(187, '00-2168	 	           	', 'LAMPARA ANTON COBRE/NEGRO', '<p>\r\n	D19.5 x H21&nbsp;</p>\r\n', 2723, '<p>\r\n	COLGANTE</p>\r\n', 'c054e-00-2168.jpg', 2),
(188, '02-2593', 'ESPEJO SAMMI ', '<p>\r\n	D46</p>\r\n', 5212, '<p>\r\n	DECOR</p>\r\n', '9dffe-02-2593.jpg', 2),
(189, '02AA07211', 'ESPEJO ATALA ', '<p>\r\n	41 x 8 x 35 APROX</p>\r\n<p>\r\n	&nbsp;</p>\r\n', 941, '<p>\r\n	DECOR</p>\r\n', 'f11d3-02aa07211.jpg', 2),
(190, '01RA04578M', 'ESPEJO ARABE ', '<p>\r\n	86.5 x 140 x 3.5</p>\r\n', 6104.5, '<p>\r\n	DECOR</p>\r\n', '022eb-01ra04578m.jpg', 2),
(191, '00-114', 'ESPEJO TORRE 4 ', '<p>\r\n	27 x 109 x 3</p>\r\n', 2322, '<p>\r\n	DECOR</p>\r\n', 'cac42-00-114.jpg', 2),
(192, '02-3362', 'ESPEJO INDIRA ', '<p>\r\n	46 x 4 x 61</p>\r\n', 3578, '<p>\r\n	DECOR</p>\r\n', '2fac4-02-3362.jpg', 2),
(193, '02-1534', 'ESPEJO BALU ', '<p>\r\n	32 x 3 x 52 APROX / DOBLE MARCO</p>\r\n', 2281, '<p>\r\n	DECOR</p>\r\n', 'd33d4-02-1534.jpg', 2),
(194, '02AA06709C', 'ESPEJO MAHARASTRA ', '<p>\r\n	13 x 20 x 2</p>\r\n', 2433, '<p>\r\n	DECOR</p>\r\n', 'a3ac9-02aa06709c.jpg', 2),
(195, '04RA03325C', 'ESPEJO RATAN GRIS', '<p>\r\n	73 x 73 x 0.8</p>\r\n', 3617, '<p>\r\n	DECOR</p>\r\n', '2eecc-04ra03325c.jpg', 2),
(196, '00RA03453C', 'ESPEJO BANDERA', '<p>\r\n	120 x 80</p>\r\n', 7471, '<p>\r\n	DECOR</p>\r\n', '104a1-00ra03453c.jpg', 2),
(197, '00-3578', 'ESPEJO ZIGMA ', '<p>\r\n	D96</p>\r\n', 4338, '<p>\r\n	DECOR</p>\r\n', '7ac07-00-3578.jpg', 2),
(198, '02-1260', 'ESPEJO RAJASTANI ', '<p>\r\n	26 x 8 x 64 APROX</p>\r\n', 1706, '<p>\r\n	DECOR</p>\r\n', 'cd595-02-1260.jpg', 2),
(199, '02-3443', 'ESPEJO PUSHKAR ', '<p>\r\n	D61 x H8</p>\r\n', 4936, '<p>\r\n	DECOR</p>\r\n', 'd5476-02-3443.jpg', 2),
(200, '00-2171', 'ESPEJO DELIA ', '<p>\r\n	D66</p>\r\n', 3575, '<p>\r\n	DECOR</p>\r\n', '1a7f8-00-2171.jpg', 2),
(201, '00-3401', 'ESPEJO CRUCERO ', '<p>\r\n	D80</p>\r\n', 4060, '<p>\r\n	DECOR</p>\r\n', '2a6ea-00-3401.jpg', 2),
(202, '00-3427', 'ESPEJO LUNA ', '<p>\r\n	D60 / CONVEXO&nbsp;</p>\r\n', 4610, '<p>\r\n	DECOR</p>\r\n', '5a087-00-3427.jpg', 2),
(203, '00-2172', 'ESPEJO INES', '<p>\r\n	D50</p>\r\n', 3042, '<p>\r\n	DECOR</p>\r\n', '26e7d-00-2172.jpg', 2),
(204, '00-3399', 'ESPEJO AKAL ', '<p>\r\n	D80</p>\r\n', 3874, '<p>\r\n	DECOR</p>\r\n', 'ad732-00-3399.jpg', 2),
(205, '00-3403', 'ESPEJO LUNA ', '<p>\r\n	D60</p>\r\n', 3844, '<p>\r\n	DECOR</p>\r\n', '2eeb4-00-3403.jpg', 2),
(206, '00-3419', 'ESPEJO AKAL ', '<p>\r\n	D63</p>\r\n', 3380, '<p>\r\n	DECOR</p>\r\n', 'adc95-00-3419.jpg', 2),
(207, '00-3420', 'ESPEJO BLINK ', '<p>\r\n	D63 / AVEJENTADO&nbsp;</p>\r\n', 3380, '<p>\r\n	DECOR</p>\r\n', '0593b-00-3420.jpg', 2),
(208, '00-3421', 'ESPEJO CRUCERO ', '<p>\r\n	D63</p>\r\n', 3519, '<p>\r\n	DECOR</p>\r\n', '68f03-00-3421.jpg', 2),
(209, '00-3423', 'ESPEJO LUNA ', '<p>\r\n	D75</p>\r\n', 4338, '<p>\r\n	DECOR</p>\r\n', '344ef-00-3423.jpg', 2),
(210, '02-1535', 'ESPEJO SAGAR ', '<p>\r\n	25 x 8 x 45 APROX / MARCO COMPLETO</p>\r\n', 1365, '<p>\r\n	DECOR</p>\r\n', '176f3-02-1535.jpg', 2),
(211, '00-1943', 'ESPEJO C/CRUCETA DE MADERA', '<p>\r\n	220 x 200</p>\r\n', 13962, '<p>\r\n	DECOR</p>\r\n', '17996-00-1943.jpg', 2),
(212, '00-2181', 'ESPEJO ', '<p>\r\n	66 x 10.5 x 80</p>\r\n', 7980, '<p>\r\n	DECOR</p>\r\n', '7dca2-00-2181.jpg', 2),
(213, '00-3579', 'ESPEJO LUNA ', '<p>\r\n	D90</p>\r\n', 4802, '<p>\r\n	DECOR</p>\r\n', '3d222-00-3579.jpg', 2),
(214, '00RA04725M', 'ESPEJO RESPLANDOR', '<p>\r\n	117 x 200</p>\r\n', 8159, '<p>\r\n	DECOR</p>\r\n', 'c3806-00ra04725m.jpg', 2),
(215, '00RA05957', 'ESPEJO INDRA ', '<p>\r\n	60 x 140</p>\r\n', 6974, '<p>\r\n	DECOR</p>\r\n', '3f8c0-00ra05957.jpg', 2),
(216, '00RA07138', 'ESPEJO CORONA COLONIAL ', '<p>\r\n	D100</p>\r\n', 18560, '<p>\r\n	DECOR</p>\r\n', '36dc9-00ra07138.jpg', 2),
(217, '09AA04772C', 'ESPEJO PLATEADO ', '<p>\r\n	D30</p>\r\n', 5728, '<p>\r\n	DECOR</p>\r\n', '2af97-09aa04772c.jpg', 2),
(218, '00-1803', 'ESPEJO TORRE AVEJENTADO', '<p>\r\n	64 x 64 /&nbsp; SET 9</p>\r\n', 4566, '<p>\r\n	DECOR</p>\r\n', '72c86-00-1803.jpg', 2),
(219, '00-1830', 'ESPEJO BUJARA ', '<p>\r\n	D60 / NOGAL</p>\r\n', 10705, '<p>\r\n	DECOR</p>\r\n', '5eb8a-00-1830.jpg', 2),
(220, '00-2883', 'ESPEJO BUJARA ', '<p>\r\n	D60 /THERMO</p>\r\n', 9719, '<p>\r\n	DECOR</p>\r\n', '4d98c-00-2883.jpg', 2),
(221, '00-2913', 'MARCO ESPEJO PABLO ', '<p>\r\n	150 x 20 x 265</p>\r\n', 22030, '<p>\r\n	DECOR</p>\r\n', '2560b-00-2913.jpg', 2),
(222, '00-3209', 'ESPEJO BALAM ', '<p>\r\n	52 x 14 x 72</p>\r\n<p>\r\n	&nbsp;</p>\r\n', 6995, '<p>\r\n	DECOR</p>\r\n', '4e42e-00-3209.jpg', 2),
(223, '00-3484', 'ESPEJO ', '<p>\r\n	COBRE</p>\r\n', 7169, '<p>\r\n	DECOR</p>\r\n', '14184-00-3484.jpg', 2),
(224, '00-3609', 'ESPEJO BAYAN CONVEXO ', '<p>\r\n	110 x 5 x 110 / SET 9</p>\r\n<p>\r\n	&nbsp;</p>\r\n', 40020, '<p>\r\n	DECOR</p>\r\n', '58733-00-3609.jpg', 2),
(225, '00-3615', 'ESPEJO CARLO CH ', '<p>\r\n	D50 / COBRIZADO</p>\r\n', 2703, '<p>\r\n	DECOR</p>\r\n', '92bcb-00-3615.jpg', 2),
(226, '00RA00531C', 'ESPEJO VICTORIANO', '<p>\r\n	55 x 20 x 86</p>\r\n', 5625, '<p>\r\n	DECOR</p>\r\n', '6b35f-00ra00531c.jpg', 2),
(227, '00RA00705M', 'MARCO ESPEJO PARTENON ', '<p>\r\n	135 x 8 x 250</p>\r\n', 16813, '<p>\r\n	DECOR</p>\r\n', '7cd8c-00ra00705m.jpg', 2),
(228, '00RA01004C', 'MARCO ESPEJO MICENAS CHICO ', '<p>\r\n	70 x 150</p>\r\n', 7200, '<p>\r\n	DECOR</p>\r\n', '1e41e-00ra01004c.jpg', 2),
(229, '00RA03471C', 'ESPEJO CARLO CH', '<p>\r\n	D50</p>\r\n', 2529, '<p>\r\n	DECOR</p>\r\n', '3d819-00ra03471c.jpg', 2),
(230, '00RA06203C', 'MARCO ESPEJO TEBAS', '<p>\r\n	67 x 12 x 77</p>\r\n', 4657, '<p>\r\n	DECOR</p>\r\n', '2d581-00ra06203c.jpg', 2),
(231, '01-427', 'ESPEJO NINA ', '<p>\r\n	D28/2 MM/CONVEXO</p>\r\n', 1189, '<p>\r\n	DECOR</p>\r\n', 'd9d07-01-427.jpg', 2),
(232, '01RA04580M', 'ESPEJO ISLAM ', '<p>\r\n	154 x 27 x 4</p>\r\n', 2646, '<p>\r\n	DECOR</p>\r\n', '1df51-01ra04580m.jpg', 2),
(233, '01RA04586M', 'ESPEJO LANDI ', '<p>\r\n	SET 9/2 MM/CONVEXO</p>\r\n', 8182, '<p>\r\n	DECOR</p>\r\n', '54486-01ra04586m.jpg', 2),
(234, '02-1240', 'ESPEJO SALVAVIDA', '<p>\r\n	D75</p>\r\n', 1082, '<p>\r\n	DECOR</p>\r\n', '73848-02-1240.jpg', 2),
(235, '02-2837', 'ESPEJO C/HUESO CAMELLO', '<p>\r\n	127 x 71</p>\r\n', 18405, '<p>\r\n	DECOR</p>\r\n', 'e4de7-02-2837.jpg', 2),
(236, '02AA02840C', 'ESPEJO ', '<p>\r\n	56 x 90 x 2</p>\r\n', 5899, '<p>\r\n	ESPEJO</p>\r\n', '5c5f9-02aa02840c.jpg', 2),
(237, '00-3458', 'SOFA GEORGIA BEIGE C/5 COJINES', '<p>\r\n	&nbsp;220 x 100 x 70</p>\r\n', 41600, '<p>\r\n	SOFA</p>\r\n', 'c8944-00-3458.jpg', 2),
(238, '00-18', 'SOFA 3 HOMERO CAFE', '<p>\r\n	230 x 110 x 67</p>\r\n', 76850, '<p>\r\n	SOFAS</p>\r\n', 'cd8c5-00-18.jpg', 2),
(239, '00-3544', 'SOFA ARTURO', '<p>\r\n	220 x 90 x 75 / SOFT TOPO C/3 COJINES</p>\r\n', 61100, '<p>\r\n	SOFAS</p>\r\n', '8aefa-00-3544.jpg', 2),
(240, '00-3583', 'SOFA SECCIONAL C/3 COJINES', '<p>\r\n	&nbsp;150 x 100 x 75 T/ HUMO POLONIA</p>\r\n', 29650, '<p>\r\n	SOFAS</p>\r\n', 'd0ac0-00-3583.jpg', 2),
(241, '00-3584', 'SOFA SECCIONAL C/2 COJINES', '<p>\r\n	80 x 165 x 75 T/ HUMO POLONIA</p>\r\n', 28397, '<p>\r\n	SOFAS</p>\r\n', '7214b-00-3584.jpg', 2),
(242, '00-3719', 'SOFA OLIVER', '<p>\r\n	243 x 106 x 66 C/ 5 COJINES</p>\r\n', 48778, '<p>\r\n	SOFAS</p>\r\n', '86338-00-3719.jpg', 2),
(243, '00-3720', 'SOFA HENRY', '<p>\r\n	210 x 95 x 67 C/ 6 COJINES</p>\r\n', 76850, '<p>\r\n	SOFA</p>\r\n', 'a04b7-00-3720.jpg', 2),
(244, '00-603', 'SOFA 3 HOMERO GRIS', '<p>\r\n	230 x 110 x 67</p>\r\n', 76850, '<p>\r\n	SOFAS</p>\r\n', 'e27cb-00-603.jpg', 2),
(245, '01-1361', 'SOFA BAHAN', '<p>\r\n	223 x 92 x 81 /&nbsp;3 PL GRIS CLARO</p>\r\n', 12406, '<p>\r\n	SOFAS</p>\r\n', 'b7c47-01-1361.jpg', 2),
(246, '00-2903', 'SOFA AMMAN C/6 COJINES', '<p>\r\n	200 x 98 x 65 &nbsp;/&nbsp;LINO STONE WASH</p>\r\n', 40800, '<p>\r\n	SOFAS</p>\r\n', '9118a-00-2903.jpg', 2),
(247, '00-1404', 'SILLON ARTURO', '<p>\r\n	90 x 80 x 75 /&nbsp;C/FUNDA POLONIA GRIS</p>\r\n', 18500, '<p>\r\n	SILLON</p>\r\n', 'b5956-00-1404.jpg', 2),
(248, '00-247', 'SILLON ISABEL ', '<p>\r\n	60 x 60 x 80 / LINO PAISLEY&nbsp;</p>\r\n', 11066, '<p>\r\n	SILLON</p>\r\n', '54571-00-247.jpg', 2),
(249, '00RM07021M', 'SILLON ISABEL ', '<p>\r\n	59 x 56 x 81 /&nbsp;GRIS CAPRI</p>\r\n', 11066, '<p>\r\n	SILLON</p>\r\n<p>\r\n	&nbsp;</p>\r\n', '705d2-00rm07021m.jpg', 2),
(250, '00RM07076M', 'SILLON HORACIO', '<p>\r\n	61 x 65 x 70</p>\r\n', 19140, '<p>\r\n	SILLON</p>\r\n', '59892-00rm07076m.jpg', 3),
(251, '00-3489', 'SILLON 1 PLAZA C/ 2 COJINES', '<p>\r\n	89 x 100 x 75 T/ HUMO POLONIA &nbsp;&nbsp;</p>\r\n', 26100, '<p>\r\n	SILLON</p>\r\n', 'e105b-00-3489.jpg', 2),
(252, '00-3516', 'LOVE SEAT C/ 4 COJINES', '<p>\r\n	170 x 100 x 75 / T/ HUMO POLONIA</p>\r\n', 34452, '<p>\r\n	SILLON</p>\r\n', 'ec88a-00-3516.jpg', 2),
(253, '00-3249', 'SOFA 5 HOMERO GRIS', '<p>\r\n	&nbsp;334 x 110 x 67</p>\r\n', 97150, '<p>\r\n	SOFA</p>\r\n', 'aff29-00-3249.jpg', 2),
(254, '00-1403', 'IND. RAYMOND', '<p>\r\n	90 x 80 x 75 &nbsp;/ &nbsp;C/FUNDA POLONIA GRIS</p>\r\n', 11500, '<p>\r\n	SILLON</p>\r\n', '23b24-00-1403.jpg', 2),
(255, '02-2540', 'CAPELO MALIKA GDE', '<p>\r\n	D20 x H40 /&nbsp;C/BASE</p>\r\n', 1543, '<p>\r\n	Cristal</p>\r\n', 'b5482-02-2540.jpg', 2),
(256, '02-2541', 'CAPELO MALIKA CH', '<p>\r\n	D15 x H30 /&nbsp;C/BASE&nbsp;</p>\r\n', 1234, '<p>\r\n	Cristal</p>\r\n', 'eafc7-02-2541.jpg', 2),
(257, '02-2542', 'GARRAFON CILINDRO', '<p>\r\n	D24 x H32</p>\r\n', 1697, '<p>\r\n	Cristal</p>\r\n', '105ed-02-2542.jpg', 2),
(258, '02-2543', 'GARRAFON GOTA GDE', '<p>\r\n	D33 x H38</p>\r\n', 2909, '<p>\r\n	Cristal</p>\r\n', '7e329-02-2543.jpg', 2),
(259, '02-2544', 'GARRAFON GOTA CH', '<p>\r\n	D30 x H35</p>\r\n', 2182, '<p>\r\n	Cristal</p>\r\n', '43ec4-02-2544.jpg', 2),
(260, '02-2545', 'CAPELO FAI CH', '<p>\r\n	D25 x H34</p>\r\n', 2116, '<p>\r\n	Cristal</p>\r\n', 'a0575-02-2545.jpg', 2),
(261, '02-2546', 'CAPELO FAI GDE', '<p>\r\n	&nbsp;D30 x H40</p>\r\n', 2424, '<p>\r\n	Cristal</p>\r\n', '183ae-02-2546.jpg', 2),
(262, '02-2549', 'LAMPARA SAMUI', '<p>\r\n	D25 x H36</p>\r\n', 4243, '<p>\r\n	Cristal</p>\r\n', '9b4dd-02-2549.jpg', 2),
(263, '02-2550', 'CANDELABRO PADMA ', '<p>\r\n	D16 x H45</p>\r\n', 1091, '<p>\r\n	Cristal</p>\r\n', '6dd7b-02-2550.jpg', 2),
(264, '02-2551', 'CANDELABRO PALMIRA', '<p>\r\n	&nbsp;D13 x H26</p>\r\n', 697, '<p>\r\n	Cristal</p>\r\n', '7ba30-02-2551.jpg', 2),
(265, '02-2552', 'CANDELABRO ZAGREB ', '<p>\r\n	D16 x H38</p>\r\n', 833, '<p>\r\n	Cristal</p>\r\n', '5cc23-02-2552.jpg', 2),
(266, '02-2553', 'CANDELABRO GANGES CH ', '<p>\r\n	D13 x H17</p>\r\n', 606, '<p>\r\n	Cristal</p>\r\n', 'd7530-02-2553.jpg', 2),
(267, '02-2554', 'CANDELABRO GANGES GDE ', '<p>\r\n	D14 x H32</p>\r\n', 833, '<p>\r\n	Cristal</p>\r\n', 'c114e-02-2554.jpg', 2),
(268, '02-2555', 'CANDELABRO CHIKE', '<p>\r\n	&nbsp;D27 x H81</p>\r\n', 2667, '<p>\r\n	Cristal</p>\r\n', '6773b-02-2555.jpg', 2),
(269, '02-2556', 'CANDELABRO RODANO ', '<p>\r\n	D20 x H65</p>\r\n', 2424, '<p>\r\n	Cristal</p>\r\n', '9d9f4-02-2556.jpg', 2),
(270, '02-2557', 'CANDELABRO KENYO ', '<p>\r\n	D20 x H59</p>\r\n', 2182, '<p>\r\n	Cristal</p>\r\n', '40eeb-02-2557.jpg', 2),
(271, '02-2558', 'CANDELABRO KHARI', '<p>\r\n	&nbsp;D17 x H37</p>\r\n', 1455, '<p>\r\n	Cristal</p>\r\n', '6ee82-02-2558.jpg', 2),
(272, '02-2559', 'CANDELABRO KOFI ', '<p>\r\n	D18 x D22</p>\r\n', 970, '<p>\r\n	Cristal</p>\r\n', '85902-02-2559.jpg', 2),
(273, '02-2560', 'CANDELABRO LEKAN ', '<p>\r\n	D16 x H13</p>\r\n', 729, '<p>\r\n	Cristal</p>\r\n', '9b592-02-2560.jpg', 2),
(274, '02-2561', 'CANDELABRO MAKENA ', '<p>\r\n	D21 x H24</p>\r\n', 1455, '<p>\r\n	Cristal</p>\r\n', '3f774-02-2561.jpg', 2),
(275, '02-2562', 'FLORERO MOSI ', '<p>\r\n	D22 x H30</p>\r\n', 2103, '<p>\r\n	Cristal</p>\r\n', 'e8678-02-2562.jpg', 2),
(276, '02-2563', 'FLORERO NALA ', '<p>\r\n	D20 x H40</p>\r\n', 2301, '<p>\r\n	Cristal</p>\r\n', 'cc638-02-2563.jpg', 2),
(277, '02-2565', 'CAJA OBASI GDE ', '<p>\r\n	D12 x H13</p>\r\n', 430, '<p>\r\n	Cristal</p>\r\n', '47fc9-02-2565.jpg', 2),
(278, '02-2567', 'VELA TIBER GDE', '<p>\r\n	&nbsp;D7.5 x H10</p>\r\n', 689, '<p>\r\n	Cristal</p>\r\n', '9470d-02-2567.jpg', 2),
(279, '02-2568', 'VELA TIBER CH', '<p>\r\n	&nbsp;D7 x H8</p>\r\n', 583, '<p>\r\n	Cristal</p>\r\n', '9076f-02-2568.jpg', 2),
(280, '02-2570', 'VOTIVE PARGO ', '<p>\r\n	D7.5 x H7.5</p>\r\n', 235, '<p>\r\n	Cristal</p>\r\n', '352cc-02-2570.jpg', 2),
(281, '02-2571', 'VOTIVE AIDA ', '<p>\r\n	D7 x H7.5</p>\r\n', 159, '<p>\r\n	cristal</p>\r\n', '52e6b-02-2571.jpg', 2),
(282, '02-2572', 'VOTIVE AKKEN', '<p>\r\n	&nbsp;D6.5 x H7</p>\r\n', 184, '<p>\r\n	cristal</p>\r\n', 'c833e-02-2572.jpg', 2),
(283, '02-2573', 'VOTIVE AMAL ', '<p>\r\n	D6.5 x H7.5</p>\r\n', 126, '<p>\r\n	cristal</p>\r\n', '349b7-02-2573.jpg', 2),
(284, '02-2574', 'VOTIVE DAMAN ', '<p>\r\n	D6.5 x H6</p>\r\n', 117, '<p>\r\n	cristal</p>\r\n', 'db77c-02-2574.jpg', 2),
(285, '02-2575', 'VELA DAMAN ', '<p>\r\n	D10 x H10</p>\r\n', 733, '<p>\r\n	cristal</p>\r\n', 'e711a-02-2575.jpg', 2),
(286, '02-2576', 'VOTIVE COLGANTE SPLIT CH ', '<p>\r\n	D7.5 x H3.5</p>\r\n', 126, '<p>\r\n	cristal</p>\r\n', '636fb-02-2576.jpg', 2),
(287, '02-2577', 'VOTIVE COLGANTE SPLIT GDE', '<p>\r\n	&nbsp;D7.5 x H6</p>\r\n', 141, '<p>\r\n	cristal</p>\r\n', '0511e-02-2577.jpg', 2),
(288, '02-2578', 'HOJA COLGANTE AFIA ', '<p>\r\n	6 x 10</p>\r\n', 358, '<p>\r\n	cristal</p>\r\n', '95c28-02-2578.jpg', 2),
(289, '02-2579', 'HOJA COLGANTE NUUR ', '<p>\r\n	4.5 x 8</p>\r\n', 358, '<p>\r\n	cristal</p>\r\n', 'adbe8-02-2579.jpg', 2),
(290, '02-2580', 'GOTA COLGANTE AKUA ', '<p>\r\n	8.5 x 15</p>\r\n', 297, '<p>\r\n	cristal</p>\r\n', '229a1-02-2580.jpg', 2),
(291, '02-2581', 'GOTA COLGANTE AKUA ', '<p>\r\n	6 x 10</p>\r\n', 216, '<p>\r\n	cristal</p>\r\n', 'd025d-02-2581.jpg', 2),
(292, '02-2582', 'GOTA COLGANTE AKUA ', '<p>\r\n	4.5 x 7.5</p>\r\n', 212, '<p>\r\n	cristal</p>\r\n', 'cee93-02-2582.jpg', 2),
(293, '02-2583', 'GOTA COLGANTE AKUA ', '<p>\r\n	4.6</p>\r\n', 152, '<p>\r\n	cristal</p>\r\n', '5676f-02-2583.jpg', 2),
(294, '02-2584', 'GOTA COLGANTE AKUA', '<p>\r\n	&nbsp;3.5 x 5</p>\r\n', 121, '<p>\r\n	cristal</p>\r\n', 'ce9da-02-2584.jpg', 2),
(295, '02-2595', 'CHAROLA HABANA', '<p>\r\n	&nbsp;D45</p>\r\n', 3306, '<p>\r\n	cristal</p>\r\n', '49e6b-02-2595.jpg', 2),
(296, '02-2596', 'CHAROLA HABANA ', '<p>\r\n	D51</p>\r\n', 3394, '<p>\r\n	cristal</p>\r\n', 'db18f-02-2596.jpg', 2),
(297, '02RA06893C', 'BOTELLA P/VINO VRINDA ', '<p>\r\n	D18 x H25&nbsp;</p>\r\n', 465, '<p>\r\n	cristal</p>\r\n', 'd1c05-02ra06893c.jpg', 2),
(298, '02RA06904C', 'TAPA COMIDA C/BASE ', '<p>\r\n	D31 x H26 APROX</p>\r\n', 830, '<p>\r\n	cristal</p>\r\n', '8a2f3-02ra06904c.jpg', 2),
(299, '02RA06907C', 'BOTELLA ACQUA ', '<p>\r\n	D9 x H27</p>\r\n', 392, '<p>\r\n	cristal</p>\r\n', '7f735-02ra06907c.jpg', 2),
(300, '02RA06914C', 'CHAROLA RED', '<p>\r\n	D30</p>\r\n', 312, '<p>\r\n	cristal</p>\r\n', 'efd13-02ra06914c.jpg', 2),
(301, '02RA06916C', 'VOTIVE COLGANTE GDE ', '<p>\r\n	D10 x H9</p>\r\n', 120, '<p>\r\n	cristal</p>\r\n', '05d86-02ra06916c.jpg', 2),
(302, '02RA06918C', 'FLORERO ', '<p>\r\n	12 x 12 x 12</p>\r\n', 158, '<p>\r\n	cristal</p>\r\n', '8c7c3-02ra06918c.jpg', 2),
(303, '02RA06920M', 'FLORERO LUNDA SET 3 ', '<p>\r\n	D15 x H23 / D10 x H14 / D8 x H10</p>\r\n', 825, '<p>\r\n	cristal</p>\r\n', '1f874-02ra06920m.jpg', 2),
(304, '02RA06923C', 'BOTELLA P/VINO GAUTAM ', '<p>\r\n	D12 x H36</p>\r\n', 621, '<p>\r\n	cristal</p>\r\n', '5cb67-02ra06923c.jpg', 2),
(305, '02RA06924C', 'VELA VOTIVE FATIMA', '<p>\r\n	&nbsp;D8 x H10</p>\r\n', 200, '<p>\r\n	cristal</p>\r\n', 'e616c-02ra06924c.jpg', 2),
(306, '02-864', 'TAPA COMIDA C/BASE CHEF PATISSIER ', '<p>\r\n	D28 x H27</p>\r\n', 929, '<p>\r\n	cristal</p>\r\n', '15313-02-864.jpg', 2),
(307, '02-865', 'TAPA COMIDA C/BASE CHEF PATISSIER ', '<p>\r\n	D21 x H17</p>\r\n', 512, '<p>\r\n	cristal</p>\r\n', 'be007-02-865.jpg', 2),
(308, '02-866', 'TAPA COMIDA C/BASE CUISINE ', '<p>\r\n	D16 x H13 APROX</p>\r\n', 303, '<p>\r\n	cristal</p>\r\n', '57c2f-02-866.jpg', 2),
(309, '02-870', 'VELA PALVI ', '<p>\r\n	D12 x H12</p>\r\n', 392, '<p>\r\n	cristal</p>\r\n', 'c38cc-02-870.jpg', 2),
(310, '02-871', 'VELA SARVATI ', '<p>\r\n	D7.5 x H10</p>\r\n', 170, '<p>\r\n	cristal</p>\r\n', '77b32-02-871.jpg', 2),
(311, '02-871', 'VELA SARVATI ', '<p>\r\n	D7.5 x H10</p>\r\n', 170, '<p>\r\n	cristal</p>\r\n', 'c6adb-02-871.jpg', 3),
(312, '02-873', 'VELA CORAZON CH', '<p>\r\n	&nbsp;D7 x H7</p>\r\n', 150, '<p>\r\n	cristal</p>\r\n', 'cde5a-02-873.jpg', 2),
(313, '02-874', 'VELA CORAZON GDE ', '<p>\r\n	D10 x H10</p>\r\n', 256, '<p>\r\n	cristal</p>\r\n', 'dc5c0-02-874.jpg', 2),
(314, '02-878', 'VELA LUVY', '<p>\r\n	&nbsp;D6 x H9</p>\r\n', 150, '<p>\r\n	cristal</p>\r\n', '3c0c3-02-878.jpg', 2),
(315, '02RA01466G', 'VELA VOTIVE BELUR GDE ', '<p>\r\n	D7 x H8</p>\r\n', 150, '<p>\r\n	cristal</p>\r\n', 'cd236-02ra01466g.jpg', 2),
(316, '02RA01467C', 'VELA VOTIVE BELUR CH ', '<p>\r\n	D6 x H7</p>\r\n', 120, '<p>\r\n	cristal</p>\r\n', 'bd213-02ra01467c.jpg', 2),
(317, '02-880', 'CANDELABRO ODESSA GDE ', '<p>\r\n	D12 x H38</p>\r\n', 820, '<p>\r\n	cristal</p>\r\n', '17b27-02-880.jpg', 2),
(318, '02-881', 'CANDELABRO ODESSA MED ', '<p>\r\n	D12 x H34</p>\r\n', 621, '<p>\r\n	cristal</p>\r\n', '17ac3-02-881.jpg', 2),
(319, '02-883', 'CANDELABRO VOLGA ', '<p>\r\n	D10 x H20</p>\r\n', 308, '<p>\r\n	cristal</p>\r\n', 'd50c5-02-883.jpg', 2),
(320, '02-889', 'CONTENEDOR CHOCOLAT ', '<p>\r\n	D14 x H29</p>\r\n', 512, '<p>\r\n	cristal</p>\r\n', '88e64-02-889.jpg', 2),
(321, '02-894', 'BOTELLA P/VINO KENA ', '<p>\r\n	D8 x H21</p>\r\n', 339, '<p>\r\n	cristal</p>\r\n', '1285f-02-894.jpg', 2),
(322, '02-896', 'CONTENEDOR PAKSHI ', '<p>\r\n	D10 x H13</p>\r\n', 287, '<p>\r\n	cristal</p>\r\n', 'd636c-02-896.jpg', 2),
(323, '02-897', 'CONTENEDOR PAKSHI C/TAPA ', '<p>\r\n	D10 x H15</p>\r\n', 308, '<p>\r\n	cristal</p>\r\n', '2f39f-02-897.jpg', 2),
(324, '02-898', 'CHAROLA KALI ', '<p>\r\n	26 x 26 x 35</p>\r\n', 1556, '<p>\r\n	cristal</p>\r\n', 'c52df-02-898.jpg', 2),
(325, '02-899', 'CHAROLA KIA ', '<p>\r\n	D31 x H45</p>\r\n', 1869, '<p>\r\n	cristal</p>\r\n', '171ee-02-899.jpg', 2),
(326, '02-900', 'FLORERO COLGANTE KAAN ', '<p>\r\n	D22 x H20</p>\r\n', 616, '<p>\r\n	cristal</p>\r\n', 'c5895-02-900.jpg', 2),
(327, '02-901', 'CONTENEDOR BISCUIT ', '<p>\r\n	D15 x H21</p>\r\n', 616, '<p>\r\n	cristaler&iacute;a</p>\r\n', '39630-02-901.jpg', 2),
(328, '02-902', 'VELA MAANIKA ', '<p>\r\n	D8 x H10</p>\r\n', 200, '<p>\r\n	cristal</p>\r\n', '6338c-02-902.jpg', 2),
(329, '02-903', 'VELA LEENA ', '<p>\r\n	D7 x H7</p>\r\n', 150, '<p>\r\n	cristal</p>\r\n', '02d36-02-903.jpg', 2),
(330, '02-887', 'FLORERO NAAZ ', '<p>\r\n	D30 x H48</p>\r\n', 1096, '<p>\r\n	cristal</p>\r\n', '564d9-02-887.jpg', 2),
(331, '01-188', 'BUFET ', '<p>\r\n	149 x 44 x 85</p>\r\n', 42149, '<p>\r\n	Bufet</p>\r\n', '5ba9e-01-188.jpg', 2),
(332, '01-2183', 'BUFET 5 PUERTAS', '<p>\r\n	204 x 42 x 85</p>\r\n', 74287, '<p>\r\n	Bufet</p>\r\n', '9a369-01-2183.jpg', 2),
(333, '01-2186', 'BUFET NATURAL 5 PUERTAS ', '<p>\r\n	226 x 42 x 91</p>\r\n', 74287, '<p>\r\n	Bufet</p>\r\n', '31dc1-01-2186.jpg', 2),
(334, '01-2190', 'BUFET 4 PUERTAS ', '<p>\r\n	176 x 40 x 80</p>\r\n', 62034, '<p>\r\n	Bufet</p>\r\n', 'bd298-01-2190.jpg', 2),
(335, '01-2193', 'BUFET 4 PUERTAS', '<p>\r\n	223 x 43 x 92</p>\r\n', 74287, '<p>\r\n	Bufet</p>\r\n', '737c5-01-2193.jpg', 2),
(336, '01-2200', 'BUFET 5 PUERTAS', '<p>\r\n	&nbsp;223 x 41 x 86</p>\r\n', 74287, '<p>\r\n	Bufet</p>\r\n', '8029f-01-2200.jpg', 2),
(337, '01-2201', 'BUFET NATURAL 4 PUERTAS', '<p>\r\n	201 x 41 x 86 &nbsp;</p>\r\n', 74287, '<p>\r\n	Bufet</p>\r\n', 'aee10-01-2201.jpg', 2),
(338, '01-2225', 'BUFET 6 PUERTAS ', '<p>\r\n	228 x 44 x 97</p>\r\n', 99049.5, '<p>\r\n	Bufet</p>\r\n', '51d6c-01-2225.jpg', 2),
(339, '01-2256', 'BUFET 4 PUERTAS ', '<p>\r\n	177 x 45 x 84</p>\r\n', 66033, '<p>\r\n	Bufet</p>\r\n', '684ec-01-2256.jpg', 2),
(340, '01-3137', 'BUFET 6 PUERTAS  ', '<p>\r\n	223 x 45 x 92 &nbsp; &nbsp; &nbsp;</p>\r\n', 92982, '<p>\r\n	Bufet</p>\r\n', 'd83f4-01-3137.jpg', 2),
(341, '01-837', 'BUFET 4 PUERTAS ', '<p>\r\n	190 x 41 x 86 &nbsp; &nbsp;&nbsp;</p>\r\n', 72000, '<p>\r\n	Bufet</p>\r\n', '5177e-01-837.jpg', 2),
(342, '01RM03082G', 'BUFET 6 PUERTAS     ', '<p>\r\n	229 x 45 x 91 &nbsp; &nbsp;&nbsp;</p>\r\n', 83642, '<p>\r\n	Bufet</p>\r\n', '8fb7a-01rm03082g.jpg', 2),
(343, '01RM06016G', 'BUFET 11 CAJONES ', '<p>\r\n	280 - 300 x 55 x 90 APROX &nbsp; &nbsp;</p>\r\n', 95048, '<p>\r\n	Bufet</p>\r\n', '390c1-01rm06016g.jpg', 2),
(344, '02-3033', 'BUFET ', '<p>\r\n	194 x 46 x 96</p>\r\n', 41821, '<p>\r\n	Bufet</p>\r\n', '62126-02-3033.jpg', 2),
(345, '02-3323', 'BUFET SAGAR HUESO       ', '<p>\r\n	208 x 45 x 102 /&nbsp;4 CJNS 4 PTS</p>\r\n', 44102, '<p>\r\n	Bufet</p>\r\n', 'c8390-02-3323.jpg', 2),
(346, '02-3330', 'BUFET RAJASTANI ', '<p>\r\n	215 x 45 x 90 /&nbsp;4 PTS&nbsp;</p>\r\n', 45623, '<p>\r\n	Bufet</p>\r\n', 'c28fa-02-3330.jpg', 2),
(347, '02-3342', 'BUFET RAJASTANI ', '<p>\r\n	182.5 x 44.5 x 92 / 4 PTS&nbsp;&nbsp; &nbsp; &nbsp; &nbsp; &nbsp; &nbsp;</p>\r\n', 41821, '<p>\r\n	Bufet</p>\r\n', 'ed40b-02-3342.jpg', 2),
(348, '01-3120', 'BUFET 6 PUERTAS ', '<p>\r\n	230 x 45 x 88 &nbsp; &nbsp;</p>\r\n', 82945, '<p>\r\n	Bufet</p>\r\n', 'a2092-01-3120.jpg', 2),
(349, '00-36', 'PAR DE BURO ', '<p>\r\n	&nbsp;50 x 40 x 75 C/ UNO / ALDER &nbsp;&nbsp;</p>\r\n', 20258, '<p>\r\n	Bur&oacute;</p>\r\n', '5b900-00-36.jpg', 1),
(350, '01-1860', 'BURO NATURAL 3 CAJONES ', '<p>\r\n	55 x 40 x 75</p>\r\n', 13447, '<p>\r\n	Bur&oacute;</p>\r\n', 'a985b-01-1860.jpg', 2),
(351, '01RM04585C', 'BURO 3 CAJONES', '<p>\r\n	&nbsp;51 x 29 x 62</p>\r\n', 4114, '<p>\r\n	Bur&oacute;</p>\r\n', '16770-01rm04585c.jpg', 2),
(352, '01RM04590M', 'BURO FRANCES', '<p>\r\n	&nbsp;87.5 x 45.5 x 70.5 &nbsp; &nbsp; &nbsp;</p>\r\n', 7207.5, '<p>\r\n	Bur&oacute;</p>\r\n', '2d90b-01rm04590m.jpg', 2),
(353, '01RM04591M', 'BURO FRANCES CHICO ', '<p>\r\n	77.5 x 38 x 70&nbsp;</p>\r\n', 6544, '<p>\r\n	Bur&oacute;</p>\r\n', 'a9792-01rm04591m.jpg', 2),
(354, '02-2728', 'BURO', '<p>\r\n	&nbsp;50 x 37 x 84</p>\r\n', 12470, '<p>\r\n	Bur&oacute;</p>\r\n', '16046-02-2728.jpg', 2),
(355, '02-2729', 'BURO ', '<p>\r\n	50 x 37 x 83</p>\r\n', 12470, '<p>\r\n	Bur&oacute;</p>\r\n', '9a84e-02-2729.jpg', 2),
(356, '02-3011', 'BURO 2 PUERTAS', '<p>\r\n	&nbsp;56 x 32 x 70 &nbsp; &nbsp; &nbsp;</p>\r\n', 8820, '<p>\r\n	Bur&oacute;</p>\r\n', '6bfba-02-3011.jpg', 2),
(357, '02-3324', 'BURO SAMA ', '<p>\r\n	64 x 38.5 x 79.5 APROX /&nbsp;DER</p>\r\n', 9505, '<p>\r\n	Bur&oacute;</p>\r\n', '136b8-02-3324.jpg', 2),
(358, '02-3325', 'BURO SAMA', '<p>\r\n	64 x 38.5 x 79.5 / &nbsp;IZQ&nbsp;&nbsp; &nbsp; &nbsp;</p>\r\n', 9505, '<p>\r\n	Bur&oacute;</p>\r\n', '6fea4-02-3325.jpg', 2),
(359, '02-3327', 'BURO SAGAR HUESO ', '<p>\r\n	60 x 43 x 60.5 /&nbsp;DER&nbsp;</p>\r\n', 8871, '<p>\r\n	Bur&oacute;</p>\r\n', '48374-02-3327.jpg', 2),
(360, '02-3328', 'BURO SAGAR HUESO ', '<p>\r\n	60 x 43 x 60.5 /&nbsp;IZQ&nbsp;</p>\r\n', 8871, '<p>\r\n	Bur&oacute;</p>\r\n', '28106-02-3328.jpg', 2),
(361, '00-32', 'CONSOLA CON RUEDAS MINI ', '<p>\r\n	153 x 54 x 83</p>\r\n', 9013, '<p>\r\n	Consola</p>\r\n', '38564-00-32.jpg', 2),
(362, '00-3543', 'CONSOLA KALI ', '<p>\r\n	120 x 46 x 80</p>\r\n', 11550, '<p>\r\n	Consola</p>\r\n', '3894d-00-3543.jpg', 2),
(363, '00RM04243M', 'CONSOLA TAPIZADA', '<p>\r\n	&nbsp;150 x 50 x 88</p>\r\n', 17144, '<p>\r\n	Consola</p>\r\n', '5a99f-00rm04243m.jpg', 2),
(364, '01-2203', 'CONSOLA SHAN', '<p>\r\n	&nbsp;260 x 40 x 96</p>\r\n', 132066, '<p>\r\n	Consola</p>\r\n', '6e0c2-01-2203.jpg', 2),
(365, '01-2253', 'CONSOLA NEGRA 2 CAJONES', '<p>\r\n	&nbsp;90 x 42 x 90</p>\r\n', 19810, '<p>\r\n	Consola</p>\r\n', '7b7b0-01-2253.jpg', 2),
(366, '01-3127', 'CONSOLA ALTAR ', '<p>\r\n	&nbsp;173 x 44 x 86</p>\r\n', 83363, '<p>\r\n	Consola</p>\r\n', '73d10-01-3127.jpg', 2),
(367, '01-800', 'CONSOLA ALTAR', '<p>\r\n	224 x 45 x 80 /&nbsp;&nbsp;7 CJNS&nbsp;</p>\r\n', 116058, '<p>\r\n	Consola</p>\r\n', 'e2ae0-01-800.jpg', 2),
(368, '01RM03032G', 'CONSOLA VICENTE', '<p>\r\n	200 x 62 x 82 &nbsp; &nbsp; &nbsp; &nbsp; &nbsp; &nbsp; &nbsp; &nbsp; &nbsp; &nbsp;&nbsp;</p>\r\n', 25408, '<p>\r\n	Consola</p>\r\n', '9d961-01rm03032g.jpg', 2),
(369, '02-1296', 'CONSOLA C/ALDER ', '<p>\r\n	126 x 43 x 88</p>\r\n', 17200, '<p>\r\n	Consola</p>\r\n', '3db07-02-1296.jpg', 2),
(370, '02-3032', 'CONSOLA TARUN ', '<p>\r\n	184 x 62 x 76</p>\r\n', 28514, '<p>\r\n	Consola</p>\r\n', '3afbb-02-3032.jpg', 2);
INSERT INTO `productos` (`id_producto`, `codigo`, `nombre`, `descripcion`, `precio`, `extra`, `imagen`, `estado`) VALUES
(371, '02-3084', 'CONSOLA LABRADA', '<p>\r\n	160 x 41 x 84</p>\r\n', 22811, '<p>\r\n	Consola</p>\r\n', '5b20d-02-3084.jpg', 2),
(372, '02-3274', 'CONSOLA 4 CUADROS ', '<p>\r\n	150 x 33 x 92</p>\r\n', 17425, '<p>\r\n	Consola</p>\r\n', 'd6a59-02-3274.jpg', 2),
(373, '02RM07238', 'CONSOLA ROMINA NATURAL & NEGRO', '<p>\r\n	180 x 45 x 80 &nbsp; &nbsp; &nbsp; &nbsp; &nbsp; &nbsp; &nbsp;&nbsp;</p>\r\n', 12352, '<p>\r\n	Consola</p>\r\n', 'f2bfa-02rm07238-2.jpg', 2),
(374, '02RM07242', 'CONSOLA KALI ', '<p>\r\n	100 x 40 x 80</p>\r\n', 12352, '<p>\r\n	Consola</p>\r\n', 'e4030-02rm07242.jpg', 2),
(375, '03-1415', 'CONSOLA PRAVAT 100-150 AÑOS     ', '<p>\r\n	420 x 100 x 65 &nbsp; &nbsp; &nbsp;&nbsp;</p>\r\n', 199475, '<p>\r\n	Consola</p>\r\n', '44884-03-1415.jpg', 2),
(376, '03-1429', 'CONSOLA PRAVAT 50-100 AÑOS', '<p>\r\n	210 x 58 x 67 &nbsp; &nbsp; &nbsp; &nbsp;</p>\r\n', 62531, '<p>\r\n	Consola</p>\r\n', '57955-03-1429.jpg', 2),
(377, '03-1475', 'CONSOLA PRAVAT 100-150 AÑOS', '<p>\r\n	420 x 100 x 65 APROX &nbsp; &nbsp;&nbsp;</p>\r\n', 199475, '<p>\r\n	Consola</p>\r\n', '99eba-03-1475.jpg', 2),
(378, '04-1995', 'CUBIERTA P/CONSOLA LICHI NEGRA ', '<p>\r\n	250 x 85 x 10 APROX</p>\r\n', 27911, '<p>\r\n	Cubierta</p>\r\n', '43620-04-1995.jpg', 2),
(379, '04-2029', 'CONSOLA PRAVAT DE TECA ', '<p>\r\n	170 x 100 APROX &nbsp; &nbsp;&nbsp;</p>\r\n', 29630, '<p>\r\n	Consola</p>\r\n', '17c74-04-2029.jpg', 2),
(380, '01-3294', 'SILLA WINDSOR ', '<p>\r\n	61 x 64 x 97 &nbsp; &nbsp; &nbsp; &nbsp;</p>\r\n', 16422, '<p>\r\n	Silla</p>\r\n', 'ebe0f-01-3294.jpg', 2),
(381, '01-3297', 'SILLA BISTROT BAR             ', '<p>\r\n	&nbsp;41 x 48 x 110 &nbsp;&nbsp;</p>\r\n', 9849, '<p>\r\n	Silla</p>\r\n', '6917b-01-3297.jpg', 2),
(382, '01-3298', 'SILLA BISTROT                 ', '<p>\r\n	41 x 48 x 89 &nbsp;&nbsp;</p>\r\n', 9072, '<p>\r\n	Sillas</p>\r\n', 'c3d8f-01-3298.jpg', 2),
(383, 'prueba', 'prueba', '<p>\r\n	prueba</p>\r\n', 0, '<p>\r\n	prueba</p>\r\n', 'f174d-0c4b8-slide-1-expo-.jpg', 2),
(384, 'prueba2', 'prueba2', '<p>\r\n	prueba 2</p>\r\n', 10, '<p>\r\n	prueba2</p>\r\n', '79c62-eb7b5-dsc04955.jpg', 2),
(385, 'prueba2', 'prueba2', '<p>\r\n	prueba 2</p>\r\n', 10, '<p>\r\n	prueba2</p>\r\n', '79c62-eb7b5-dsc04955.jpg', 2),
(386, 'prueba2', 'prueba2', '<p>\r\n	prueba 2</p>\r\n', 10, '<p>\r\n	prueba2</p>\r\n', '79c62-eb7b5-dsc04955.jpg', 2),
(387, 'prueba2', 'prueba2', '<p>\r\n	prueba 2</p>\r\n', 10, '<p>\r\n	prueba2</p>\r\n', '79c62-eb7b5-dsc04955.jpg', 2),
(388, 'prueba2', 'prueba2', '<p>\r\n	prueba2</p>\r\n', 10, '<p>\r\n	prueba2</p>\r\n', '', 2),
(389, 'prueba2', 'prueba2', '<p>\r\n	prueba2</p>\r\n', 10, '<p>\r\n	prueba2</p>\r\n', '', 2),
(390, 'prueba2', 'prueba2', '<p>\r\n	prueba2</p>\r\n', 10, '<p>\r\n	prueba2</p>\r\n', '', 2),
(391, 'prueba2', 'prueba2', '<p>\r\n	prueba2</p>\r\n', 10, '<p>\r\n	prueba2</p>\r\n', '', 2),
(392, 'prueba2', 'prueba2', '<p>\r\n	prueba2</p>\r\n', 10, '<p>\r\n	prueba2</p>\r\n', '', 2),
(393, 'prueba2', 'prueba2', '<p>\r\n	prueba2</p>\r\n', 10, '<p>\r\n	prueba2</p>\r\n', '', 2),
(394, 'prueba2', 'prueba2', '<p>\r\n	prueba2</p>\r\n', 10, '<p>\r\n	prueba2</p>\r\n', '', 2),
(395, 'prueba2', 'prueba2', '<p>\r\n	prueba2</p>\r\n', 10, '<p>\r\n	prueba2</p>\r\n', '', 2),
(396, 'prueba2', 'prueba2', '<p>\r\n	prueba2</p>\r\n', 10, '<p>\r\n	prueba2</p>\r\n', '', 2),
(397, 'prueba2', 'prueba2', '<p>\r\n	prueba2</p>\r\n', 10, '<p>\r\n	prueba2</p>\r\n', '', 2),
(398, 'prueba2', 'prueba2', '<p>\r\n	prueba2</p>\r\n', 10, '<p>\r\n	prueba2</p>\r\n', '', 2),
(399, 'prueba2', 'prueba2', '<p>\r\n	prueba2</p>\r\n', 10, '<p>\r\n	prueba2</p>\r\n', '', 2),
(400, 'prueba2', 'prueba2', '<p>\r\n	prueba2</p>\r\n', 10, '<p>\r\n	prueba2</p>\r\n', '', 2),
(401, 'prueba2', 'prueba2', '<p>\r\n	prueba2</p>\r\n', 10, '<p>\r\n	prueba2</p>\r\n', '', 2),
(402, 'prueba2', 'prueba2', '<p>\r\n	prueba2</p>\r\n', 10, '<p>\r\n	prueba2</p>\r\n', '', 2),
(403, 'prueba2', 'prueba2', '<p>\r\n	prueba2</p>\r\n', 10, '<p>\r\n	prueba2</p>\r\n', '', 2),
(404, 'prueba2', 'prueba2', '<p>\r\n	prueba2</p>\r\n', 10, '<p>\r\n	prueba2</p>\r\n', '', 2),
(405, 'prueba2', 'prueba2', '<p>\r\n	prueba2</p>\r\n', 10, '<p>\r\n	prueba2</p>\r\n', '', 2),
(406, 'prueba2', 'prueba2', '<p>\r\n	prueba2</p>\r\n', 10, '<p>\r\n	prueba2</p>\r\n', '', 2),
(407, 'prueba2', 'prueba2', '<p>\r\n	prueba2</p>\r\n', 10, '<p>\r\n	prueba2</p>\r\n', '9c6c5-eb7b5-dsc04955.jpg', 2),
(408, 'prueba2', 'prueba2', '<p>\r\n	prueba2</p>\r\n', 10, '<p>\r\n	prueba2</p>\r\n', '9c6c5-eb7b5-dsc04955.jpg', 2),
(409, 'prueba2', 'prueba2', '<p>\r\n	prueba2</p>\r\n', 10, '<p>\r\n	prueba2</p>\r\n', '9c6c5-eb7b5-dsc04955.jpg', 2),
(410, '1', '1', '<p>\r\n	1</p>\r\n', 1, '<p>\r\n	1</p>\r\n', '9648b-eb7b5-dsc04955.jpg', 2),
(411, '123', '123', '<p>\r\n	123</p>\r\n', 123, '<p>\r\n	123</p>\r\n', '98e0d-0c4b8-slide-1-expo-.jpg', 2);

-- --------------------------------------------------------

--
-- Estructura de tabla para la tabla `productos_arribos`
--

CREATE TABLE IF NOT EXISTS `productos_arribos` (
  `id_arribo` int(11) NOT NULL AUTO_INCREMENT,
  `nombre_arribo` text,
  PRIMARY KEY (`id_arribo`)
) ENGINE=InnoDB DEFAULT CHARSET=latin1 AUTO_INCREMENT=1 ;

-- --------------------------------------------------------

--
-- Estructura de tabla para la tabla `promociones_carrusel`
--

CREATE TABLE IF NOT EXISTS `promociones_carrusel` (
  `id_promocion` int(11) NOT NULL AUTO_INCREMENT,
  `imagen_promocion` text,
  `descripcion` text,
  PRIMARY KEY (`id_promocion`)
) ENGINE=InnoDB DEFAULT CHARSET=latin1 AUTO_INCREMENT=1 ;

-- --------------------------------------------------------

--
-- Estructura de tabla para la tabla `prueba`
--

CREATE TABLE IF NOT EXISTS `prueba` (
  `idprueba` int(11) NOT NULL AUTO_INCREMENT,
  `dato` varchar(45) DEFAULT NULL,
  PRIMARY KEY (`idprueba`)
) ENGINE=InnoDB DEFAULT CHARSET=latin1 AUTO_INCREMENT=1 ;

-- --------------------------------------------------------

--
-- Estructura de tabla para la tabla `slides_home`
--

CREATE TABLE IF NOT EXISTS `slides_home` (
  `id_slides_home` int(11) NOT NULL AUTO_INCREMENT,
  `foto` text NOT NULL,
  `descripcion` text NOT NULL,
  `estado` int(11) NOT NULL,
  PRIMARY KEY (`id_slides_home`)
) ENGINE=MyISAM  DEFAULT CHARSET=latin1 AUTO_INCREMENT=20 ;

--
-- Volcado de datos para la tabla `slides_home`
--

INSERT INTO `slides_home` (`id_slides_home`, `foto`, `descripcion`, `estado`) VALUES
(1, '', '<p>\r\n	<span style="color:#f0f8ff;"><span bitstream="" courier="" line-height:="" sans="" vera="" white-space:="">DESCUENTOS EN LUMINARIAS</span></span></p>\r\n', 3),
(2, '0c4b8-slide-1-expo-.jpg', '', 1),
(10, '', '', 3),
(11, '52328-8-slide.jpg', '<p>\r\n	<span style="color:#000000;"><span style="font-size:8px;"><i>.</i></span></span></p>\r\n', 2),
(3, 'b05f2-4.jpg', '<p>\r\n	<span style="color:#ffffff;"><span bitstream="" courier="" line-height:="" sans="" vera="" white-space:="">DESCUENTOS EN MANIQU&Iacute;ES</span></span></p>\r\n', 1),
(4, '0ef8f-5.jpg', '<p>\r\n	<span style="font-size:8px;"><span style="color:#000000;"><i>.</i></span></span></p>\r\n', 2),
(5, 'ad5de-dsc_0270.jpg', '<p>\r\n	<em>DESCUENTO EN CRISTALER&Iacute;A</em></p>\r\n', 1),
(6, 'd5d1a-dsc04946.jpg', '<p>\r\n	<em>EXPO MUEBLE INTERNACIONAL&nbsp;</em></p>\r\n<p>\r\n	<i>GDL / 2016</i></p>\r\n<p>\r\n	<i>17 AL 20 &nbsp;DE AGOSTO</i></p>\r\n<p>\r\n	&nbsp;</p>\r\n<div>\r\n	&nbsp;</div>\r\n<p>\r\n	&nbsp;</p>\r\n', 1),
(7, '79766-6-slide.jpg', '<p>\r\n	<i>.</i></p>\r\n', 1),
(9, 'ef21d-3-slide.jpg', '<p>\r\n	H</p>\r\n', 3),
(8, 'abe6f-white-leather-sofa-straight_v3.jpg', '<p>\r\n	<em>AGOSTO</em></p>\r\n', 1),
(13, '486af-3-slide.jpg', '<p>\r\n	<span style="color:#000000;"><span style="font-size:8px;"><i>.</i></span></span></p>\r\n', 2),
(12, '16f83-5-slide.jpg', '<p>\r\n	<em>DESCUENTOS CRISTALER&Iacute;A&nbsp;</em></p>\r\n', 1),
(15, '9dec8-slide-7.jpg', '', 2),
(14, 'e028d-1-slide.jpg', '<p>\r\n	<span style="color:#808080;"><span style="font-size:8px;">.</span></span></p>\r\n', 2),
(16, '23204-slide-4.jpg', '', 2),
(17, '52865-slide-6.jpg', '<p>\r\n	<span style="color:#8b4513;"><span style="font-size:8px;">.</span></span></p>\r\n', 2),
(18, 'bd3fa-slide-2.jpg', '', 2),
(19, 'baa93-slide-1-expo-.jpg', '<p>\r\n	<span style="color:#ffffff;"><span style="font-size:8px;">..</span></span></p>\r\n', 1);

-- --------------------------------------------------------

--
-- Estructura de tabla para la tabla `slides_interiorismo`
--

CREATE TABLE IF NOT EXISTS `slides_interiorismo` (
  `id_slides_interiorismo` int(11) NOT NULL AUTO_INCREMENT,
  `foto` text,
  `estado` int(11) DEFAULT NULL,
  PRIMARY KEY (`id_slides_interiorismo`)
) ENGINE=MyISAM  DEFAULT CHARSET=latin1 AUTO_INCREMENT=7 ;

--
-- Volcado de datos para la tabla `slides_interiorismo`
--

INSERT INTO `slides_interiorismo` (`id_slides_interiorismo`, `foto`, `estado`) VALUES
(1, '84a8e-1.jpg', 2),
(2, 'd04ee-2.jpg', 2),
(3, 'd59fc-3.jpg', 2),
(4, '5f5c7-4.jpg', 2),
(5, '39d85-02tapalpacasa2.jpg', 2),
(6, 'eb7b5-dsc04955.jpg', 2);

-- --------------------------------------------------------

--
-- Estructura de tabla para la tabla `tipos`
--

CREATE TABLE IF NOT EXISTS `tipos` (
  `id_tipo` int(11) NOT NULL AUTO_INCREMENT,
  `tipo` varchar(500) DEFAULT NULL,
  `descripcion` text,
  `id_grupo` int(11) DEFAULT NULL,
  `id_categoria` int(11) DEFAULT NULL,
  `estado` int(11) DEFAULT '2',
  PRIMARY KEY (`id_tipo`)
) ENGINE=InnoDB  DEFAULT CHARSET=latin1 AUTO_INCREMENT=66 ;

--
-- Volcado de datos para la tabla `tipos`
--

INSERT INTO `tipos` (`id_tipo`, `tipo`, `descripcion`, `id_grupo`, `id_categoria`, `estado`) VALUES
(1, 'CENTRO', '', 1, 1, 2),
(2, 'LATERAL', '', 1, 1, 2),
(3, 'ALINE', '', 2, 1, 1),
(4, 'PIEL', '', 2, 1, 1),
(5, 'PARA SOFA', '', 3, 1, 1),
(6, 'MUEBLE PLASMA', '', 3, 1, 1),
(7, 'BUFET', '', 3, 1, 1),
(8, 'ESCUADRA', '', 4, 1, 1),
(9, '4 PLAZAS', '', 4, 1, 1),
(10, '3 PLAZAS', '', 4, 1, 1),
(11, '2 PLAZAS', '', 4, 1, 1),
(12, 'INDIVIDUAL', '', 4, 1, 1),
(13, 'SOFA CAMA', '', 4, 1, 1),
(14, 'CHAISE LONGUE', '', 4, 1, 1),
(15, 'TABURETE', '', 4, 1, 1),
(16, 'GIRATORIAS', '', 7, 2, 1),
(17, 'METAL', '', 7, 2, 1),
(18, 'TELA', '', 7, 2, 1),
(19, 'ALTAS', '', 7, 2, 1),
(20, 'PIEL', '', 7, 2, 1),
(21, 'QUETZAL', '', 8, 2, 1),
(22, 'AARON', '', 8, 2, 1),
(23, 'KARIMA', '', 9, 2, 1),
(24, 'CAMPESINO', '', 9, 2, 1),
(25, 'RECTANGULAR', '', 10, 2, 1),
(26, 'REDONDA', '', 10, 2, 1),
(27, 'PERIQUERA', '', 10, 2, 1),
(28, 'CUADRADA', '', 10, 2, 1),
(29, 'VAJILLA', '', 12, 2, 1),
(30, 'CESTERÍA', '', 12, 2, 1),
(31, 'CAMINO PARA MESA', '', 12, 2, 1),
(32, 'INDIVIDUALES', '', 12, 2, 1),
(33, 'CRISTALERIA', '', 12, 2, 1),
(34, 'TABURETE', '', 17, 3, 1),
(35, 'CHAISE LONGUE', '', 17, 3, 1),
(36, 'PUFF', '', 17, 3, 1),
(37, 'SILLÓN', '', 17, 3, 1),
(38, 'PARED', '', 19, 3, 1),
(39, 'PISO', '', 19, 3, 1),
(40, 'LANA', '', 26, 5, 1),
(41, 'YORUK', '', 29, 5, 1),
(42, 'HEMP DESLAVADO', '', 29, 5, 1),
(43, 'LANA', '', 31, 6, 1),
(44, 'PIE DE CAMA', '', 34, 6, 1),
(45, 'SABANA', '', 34, 6, 1),
(46, 'RAICES', '', 40, 8, 1),
(47, 'PUERTAS', '', 40, 8, 1),
(48, 'CAMAS DE OPIO', '', 40, 8, 1),
(49, 'PETRIFICADAS', '', 40, 8, 1),
(50, 'LYCHEE', '', 40, 8, 1),
(51, 'RAICES', '', 48, 10, 1),
(52, 'PUERTAS', '', 48, 10, 1),
(53, 'CAMAS DE OPIO', '', 48, 10, 1),
(54, 'PETRIFICADAS', '', 48, 10, 1),
(55, 'LYCHEE', '', 48, 10, 1),
(56, 'RAICES', '', 53, 11, 1),
(57, 'PUERTAS', '', 53, 11, 1),
(58, 'CAMAS DE OPIO', '', 53, 11, 1),
(59, 'PETRIFICADAS', '', 53, 11, 1),
(60, 'LYCHEE', '', 53, 11, 1),
(65, 'CENTRO', NULL, 40, 8, 2);

-- --------------------------------------------------------

--
-- Estructura de tabla para la tabla `union_grupo_categoria`
--

CREATE TABLE IF NOT EXISTS `union_grupo_categoria` (
  `id_union_grupo_categoria` int(11) NOT NULL AUTO_INCREMENT,
  `id_categoria` int(11) DEFAULT NULL,
  `id_grupo` int(11) DEFAULT NULL,
  `id_tipo` int(11) DEFAULT NULL,
  `id_producto` int(11) DEFAULT NULL,
  `estado_union` int(11) NOT NULL DEFAULT '1',
  PRIMARY KEY (`id_union_grupo_categoria`)
) ENGINE=InnoDB  DEFAULT CHARSET=latin1 AUTO_INCREMENT=381 ;

--
-- Volcado de datos para la tabla `union_grupo_categoria`
--

INSERT INTO `union_grupo_categoria` (`id_union_grupo_categoria`, `id_categoria`, `id_grupo`, `id_tipo`, `id_producto`, `estado_union`) VALUES
(1, 3, 14, 0, 1, 1),
(2, 3, 14, 0, 2, 1),
(3, 3, 15, 0, 3, 1),
(4, 3, 15, 0, 4, 1),
(5, 3, 16, 0, 5, 1),
(6, 3, 18, 0, 6, 1),
(7, 3, 18, 0, 7, 1),
(8, 3, 18, 0, 8, 1),
(9, 3, 17, 0, 9, 1),
(10, 3, 17, 0, 10, 1),
(11, 3, 17, 0, 11, 1),
(12, 3, 17, 0, 12, 1),
(13, 13, 7, 0, 13, 1),
(14, 3, 19, 0, 14, 1),
(15, 3, 19, 0, 15, 1),
(16, 3, 19, 0, 16, 1),
(17, 3, 19, 0, 17, 1),
(18, 3, 19, 0, 18, 1),
(19, 5, 65, 0, 19, 1),
(20, 5, 65, 0, 20, 1),
(21, 5, 27, 0, 21, 1),
(22, 5, 27, 0, 22, 1),
(23, 5, 27, 0, 23, 1),
(24, 5, 28, 0, 24, 1),
(25, 5, 30, 0, 25, 1),
(26, 5, 30, 0, 26, 1),
(27, 6, 31, 0, 27, 1),
(28, 6, 31, 0, 28, 1),
(29, 6, 31, 0, 29, 1),
(30, 6, 32, 0, 30, 1),
(31, 6, 32, 0, 31, 1),
(32, 6, 32, 0, 32, 1),
(33, 6, 32, 0, 33, 1),
(34, 6, 33, 0, 34, 1),
(35, 6, 34, 0, 35, 1),
(36, 6, 34, 0, 36, 1),
(37, 11, 52, 0, 37, 1),
(38, 11, 52, 0, 38, 1),
(39, 11, 52, 0, 39, 1),
(40, 11, 66, 0, 40, 1),
(41, 11, 67, 0, 41, 1),
(42, 11, 55, 0, 42, 1),
(43, 11, 55, 0, 43, 1),
(44, 11, 55, 0, 44, 1),
(45, 11, 68, 0, 45, 1),
(46, 11, 56, 0, 46, 1),
(47, 1, 1, 2, 47, 1),
(48, 1, 1, 2, 48, 1),
(49, 1, 1, 2, 49, 1),
(50, 1, 1, 2, 50, 1),
(51, 1, 1, 1, 51, 1),
(52, 1, 1, 1, 52, 1),
(53, 1, 1, 1, 53, 1),
(54, 1, 1, 1, 54, 1),
(55, 1, 3, 0, 55, 1),
(56, 1, 3, 0, 56, 1),
(57, 1, 3, 0, 57, 1),
(58, 1, 3, 0, 58, 1),
(59, 1, 4, 0, 59, 1),
(60, 1, 70, 0, 60, 1),
(61, 1, 70, 0, 61, 1),
(62, 1, 5, 0, 62, 1),
(63, 1, 5, 0, 63, 1),
(64, 1, 5, 0, 64, 1),
(65, 1, 6, 0, 65, 1),
(66, 4, 20, 0, 66, 1),
(67, 4, 21, 0, 67, 1),
(68, 4, 21, 0, 68, 1),
(69, 4, 21, 0, 69, 1),
(70, 4, 21, 0, 70, 1),
(71, 4, 21, 0, 71, 1),
(72, 4, 21, 0, 72, 1),
(73, 4, 21, 0, 73, 1),
(74, 4, 22, 0, 74, 1),
(75, 4, 22, 0, 75, 1),
(76, 4, 23, 0, 76, 1),
(77, 4, 23, 0, 77, 1),
(78, 7, 35, 0, 78, 1),
(79, 7, 35, 0, 79, 1),
(80, 7, 35, 0, 80, 1),
(81, 7, 35, 0, 81, 1),
(82, 7, 35, 0, 82, 1),
(83, 7, 35, 0, 83, 1),
(84, 7, 36, 0, 84, 1),
(85, 7, 36, 0, 85, 1),
(86, 7, 36, 0, 86, 1),
(87, 7, 36, 0, 87, 1),
(88, 7, 37, 0, 88, 1),
(89, 7, 71, 0, 89, 1),
(90, 7, 37, 0, 90, 1),
(91, 7, 37, 0, 91, 1),
(92, 7, 38, 0, 92, 1),
(93, 7, 38, 0, 93, 1),
(94, 7, 38, 0, 94, 1),
(95, 7, 38, 0, 95, 1),
(96, 7, 38, 0, 96, 1),
(97, 13, 7, 0, 97, 1),
(98, 13, 7, 0, 98, 1),
(99, 13, 7, 0, 99, 1),
(100, 13, 7, 0, 100, 1),
(101, 13, 7, 0, 101, 1),
(102, 13, 7, 0, 102, 1),
(103, 13, 7, 0, 103, 1),
(104, 13, 72, 0, 104, 1),
(105, 13, 72, 0, 105, 1),
(106, 13, 72, 0, 106, 1),
(107, 13, 72, 0, 107, 1),
(108, 2, 10, 0, 108, 1),
(109, 2, 10, 0, 109, 1),
(110, 2, 10, 0, 110, 1),
(111, 2, 10, 0, 111, 1),
(112, 2, 10, 0, 112, 1),
(113, 2, 10, 0, 113, 1),
(114, 2, 10, 0, 114, 1),
(115, 2, 11, 0, 115, 1),
(116, 2, 11, 0, 116, 1),
(117, 2, 11, 0, 117, 1),
(118, 2, 12, 0, 118, 1),
(119, 2, 12, 0, 119, 1),
(120, 2, 12, 0, 120, 1),
(121, 2, 12, 0, 121, 1),
(122, 2, 12, 0, 122, 1),
(123, 2, 12, 0, 123, 1),
(124, 2, 12, 0, 124, 1),
(125, 2, 12, 0, 125, 1),
(126, 8, 39, 0, 126, 1),
(127, 8, 39, 0, 127, 1),
(128, 8, 40, 65, 128, 1),
(129, 8, 40, 65, 129, 1),
(130, 8, 40, 65, 130, 1),
(131, 9, 0, 0, 131, 1),
(132, 9, 0, 0, 132, 1),
(133, 9, 0, 0, 133, 1),
(134, 9, 0, 0, 134, 1),
(135, 9, 0, 0, 135, 1),
(136, 9, 0, 0, 136, 1),
(137, 11, 56, 0, 137, 0),
(138, 11, 56, 0, 138, 1),
(139, 4, 20, 0, 184, 1),
(140, 4, 23, 0, 183, 1),
(141, 4, 21, 0, 187, 1),
(142, 4, 21, 0, 186, 1),
(143, 4, 21, 0, 185, 1),
(144, 4, 22, 0, 182, 1),
(145, 4, 22, 0, 181, 1),
(146, 4, 22, 0, 180, 1),
(147, 4, 22, 0, 179, 1),
(148, 4, 22, 0, 178, 1),
(149, 4, 22, 0, 177, 1),
(150, 4, 22, 0, 176, 1),
(151, 4, 21, 0, 175, 1),
(152, 4, 21, 0, 174, 1),
(153, 4, 21, 0, 173, 1),
(154, 4, 21, 0, 172, 1),
(155, 4, 21, 0, 171, 1),
(156, 4, 21, 0, 170, 1),
(157, 4, 21, 0, 169, 1),
(158, 3, 15, 0, 140, 1),
(159, 3, 15, 0, 141, 1),
(160, 1, 0, 0, 139, 1),
(161, 4, 20, 0, 157, 1),
(162, 4, 21, 0, 159, 1),
(163, 4, 0, 0, 158, 0),
(164, 4, 20, 0, 158, 1),
(165, 4, 23, 0, 160, 1),
(166, 4, 21, 0, 162, 1),
(167, 4, 20, 0, 161, 1),
(168, 4, 69, 0, 155, 1),
(169, 4, 69, 0, 156, 1),
(170, 4, 69, 0, 163, 1),
(171, 4, 69, 0, 164, 1),
(172, 4, 69, 0, 165, 1),
(173, 4, 69, 0, 166, 1),
(174, 11, 56, 0, 137, 1),
(175, 11, 56, 0, 138, 0),
(176, 13, 72, 0, 167, 1),
(177, 13, 72, 0, 168, 1),
(178, 13, 7, 0, 148, 1),
(179, 13, 7, 0, 149, 1),
(180, 13, 7, 0, 150, 1),
(181, 13, 7, 0, 151, 1),
(182, 13, 72, 0, 152, 1),
(183, 1, 1, 2, 153, 1),
(184, 1, 1, 2, 154, 1),
(185, 2, 10, 25, 144, 1),
(186, 11, 52, 0, 145, 1),
(187, 2, 10, 27, 146, 1),
(188, 2, 10, 25, 142, 1),
(189, 2, 10, 25, 143, 1),
(190, 2, 10, 25, 147, 1),
(191, 7, 38, 0, 188, 1),
(192, 3, 19, 0, 189, 1),
(193, 7, 36, 0, 190, 1),
(194, 3, 19, 0, 191, 1),
(195, 3, 19, 0, 192, 1),
(196, 3, 19, 0, 193, 1),
(197, 7, 36, 0, 194, 1),
(198, 3, 19, 0, 195, 1),
(199, 7, 36, 0, 196, 1),
(200, 7, 36, 0, 197, 1),
(201, 3, 19, 0, 198, 1),
(202, 7, 36, 0, 199, 1),
(203, 3, 19, 0, 200, 1),
(204, 7, 36, 0, 201, 1),
(205, 7, 36, 0, 202, 1),
(206, 7, 36, 0, 203, 1),
(207, 7, 36, 0, 204, 1),
(208, 3, 19, 0, 205, 1),
(209, 3, 19, 0, 206, 1),
(210, 7, 36, 0, 207, 1),
(211, 7, 36, 0, 208, 1),
(212, 7, 36, 0, 209, 1),
(213, 7, 36, 0, 210, 1),
(214, 7, 36, 0, 211, 1),
(215, 7, 36, 0, 212, 1),
(216, 7, 36, 0, 213, 1),
(217, 7, 36, 0, 214, 1),
(218, 7, 36, 0, 215, 1),
(219, 7, 36, 0, 216, 1),
(220, 7, 36, 0, 217, 1),
(221, 7, 36, 0, 218, 1),
(222, 7, 36, 0, 219, 1),
(223, 3, 19, 0, 220, 1),
(224, 7, 36, 0, 221, 1),
(225, 7, 36, 0, 222, 1),
(226, 7, 36, 0, 223, 1),
(227, 7, 36, 0, 224, 1),
(228, 7, 36, 0, 225, 1),
(229, 7, 36, 0, 226, 1),
(230, 7, 36, 0, 227, 1),
(231, 3, 19, 0, 228, 1),
(232, 3, 19, 0, 229, 1),
(233, 7, 36, 0, 230, 1),
(234, 7, 36, 0, 231, 1),
(235, 7, 36, 0, 232, 1),
(236, 7, 36, 0, 233, 1),
(237, 7, 36, 0, 234, 1),
(238, 7, 36, 0, 235, 1),
(239, 7, 36, 0, 236, 1),
(240, 1, 4, 0, 237, 1),
(241, 1, 4, 0, 238, 1),
(242, 1, 4, 0, 239, 1),
(243, 1, 4, 0, 240, 1),
(244, 1, 4, 0, 241, 1),
(245, 1, 4, 0, 242, 1),
(246, 1, 4, 0, 243, 1),
(247, 1, 4, 0, 244, 1),
(248, 1, 4, 0, 245, 1),
(249, 1, 4, 0, 246, 1),
(250, 1, 4, 0, 252, 1),
(251, 1, 4, 0, 253, 1),
(252, 1, 70, 0, 254, 1),
(253, 1, 70, 0, 247, 1),
(254, 1, 70, 0, 248, 1),
(255, 1, 70, 0, 249, 1),
(256, 1, 70, 0, 250, 1),
(257, 1, 70, 0, 251, 1),
(258, 7, 71, 0, 263, 1),
(259, 7, 71, 0, 264, 1),
(260, 7, 71, 0, 265, 1),
(261, 7, 71, 0, 266, 1),
(262, 7, 71, 0, 267, 1),
(263, 7, 71, 0, 268, 1),
(264, 7, 71, 0, 269, 1),
(265, 7, 71, 0, 270, 1),
(266, 7, 71, 0, 272, 1),
(267, 7, 71, 0, 273, 1),
(268, 7, 71, 0, 274, 1),
(269, 7, 71, 0, 271, 1),
(270, 7, 35, 0, 277, 1),
(271, 7, 35, 0, 276, 1),
(272, 7, 35, 0, 275, 1),
(273, 7, 35, 0, 261, 1),
(274, 7, 35, 0, 260, 1),
(275, 7, 35, 0, 259, 1),
(276, 7, 35, 0, 257, 1),
(277, 7, 35, 0, 258, 1),
(278, 7, 35, 0, 256, 1),
(279, 7, 35, 0, 255, 1),
(280, 7, 35, 0, 296, 1),
(281, 7, 35, 0, 295, 1),
(282, 7, 35, 0, 294, 1),
(283, 7, 35, 0, 293, 1),
(284, 7, 35, 0, 292, 1),
(285, 7, 35, 0, 291, 1),
(286, 7, 35, 0, 290, 1),
(287, 7, 38, 0, 289, 1),
(288, 7, 38, 0, 288, 1),
(289, 7, 38, 0, 287, 1),
(290, 7, 38, 0, 286, 1),
(291, 7, 37, 0, 285, 1),
(292, 7, 38, 0, 284, 1),
(293, 7, 38, 0, 283, 1),
(294, 7, 38, 0, 282, 1),
(295, 7, 38, 0, 281, 1),
(296, 7, 38, 0, 280, 1),
(297, 7, 37, 0, 279, 1),
(298, 7, 37, 0, 278, 1),
(299, 7, 35, 0, 304, 0),
(300, 7, 35, 0, 298, 1),
(301, 7, 35, 0, 299, 1),
(302, 7, 35, 0, 300, 1),
(303, 7, 38, 0, 301, 1),
(304, 7, 38, 0, 302, 1),
(305, 7, 38, 0, 303, 1),
(306, 7, 35, 0, 304, 1),
(307, 7, 37, 0, 305, 1),
(308, 7, 35, 0, 306, 1),
(309, 7, 35, 0, 307, 1),
(310, 7, 35, 0, 308, 1),
(311, 7, 37, 0, 309, 1),
(312, 7, 37, 0, 310, 1),
(313, 7, 37, 0, 311, 0),
(314, 7, 37, 0, 312, 1),
(315, 7, 37, 0, 313, 1),
(316, 7, 37, 0, 314, 1),
(317, 7, 37, 0, 315, 1),
(318, 7, 37, 0, 316, 1),
(319, 7, 71, 0, 317, 1),
(320, 7, 71, 0, 318, 1),
(321, 7, 35, 0, 320, 1),
(322, 7, 35, 0, 321, 1),
(323, 7, 35, 0, 322, 1),
(324, 7, 35, 0, 323, 1),
(325, 7, 35, 0, 324, 1),
(326, 7, 35, 0, 325, 1),
(327, 7, 38, 0, 326, 1),
(328, 7, 38, 0, 326, 0),
(329, 2, 11, 0, 331, 1),
(330, 2, 11, 0, 332, 1),
(331, 2, 11, 0, 333, 1),
(332, 2, 11, 0, 334, 1),
(333, 2, 11, 0, 335, 1),
(334, 2, 11, 0, 336, 1),
(335, 2, 11, 0, 337, 1),
(336, 2, 11, 0, 338, 1),
(337, 2, 11, 0, 339, 1),
(338, 2, 11, 0, 340, 1),
(339, 2, 11, 0, 341, 1),
(340, 2, 11, 0, 342, 1),
(341, 2, 11, 0, 343, 1),
(342, 2, 11, 0, 344, 1),
(343, 2, 11, 0, 345, 1),
(344, 2, 11, 0, 346, 1),
(345, 2, 11, 0, 347, 1),
(346, 2, 11, 0, 348, 1),
(347, 3, 15, 0, 349, 1),
(348, 3, 15, 0, 350, 1),
(349, 3, 15, 0, 351, 1),
(350, 3, 15, 0, 352, 1),
(351, 3, 15, 0, 353, 1),
(352, 3, 15, 0, 354, 1),
(353, 3, 15, 0, 355, 1),
(354, 3, 15, 0, 356, 1),
(355, 3, 15, 0, 357, 1),
(356, 3, 15, 0, 359, 1),
(357, 3, 15, 0, 360, 1),
(358, 3, 15, 0, 358, 1),
(359, 1, 3, 0, 361, 1),
(360, 1, 3, 0, 362, 1),
(361, 1, 3, 0, 363, 1),
(362, 1, 3, 0, 364, 1),
(363, 1, 3, 0, 365, 1),
(364, 1, 3, 0, 366, 1),
(365, 1, 3, 0, 367, 1),
(366, 1, 3, 0, 368, 1),
(367, 1, 3, 0, 369, 1),
(368, 1, 3, 0, 370, 1),
(369, 1, 3, 0, 371, 1),
(370, 1, 3, 0, 372, 1),
(371, 1, 3, 0, 373, 1),
(372, 1, 3, 0, 374, 1),
(373, 1, 3, 0, 375, 1),
(374, 1, 3, 0, 376, 1),
(375, 1, 3, 0, 377, 1),
(376, 1, 3, 0, 379, 1),
(377, 1, 3, 0, 378, 1),
(378, 13, 7, 0, 380, 1),
(379, 13, 7, 0, 381, 1),
(380, 13, 7, 0, 382, 1);

--
-- Restricciones para tablas volcadas
--

--
-- Filtros para la tabla `prensa_articulos`
--
ALTER TABLE `prensa_articulos`
  ADD CONSTRAINT `caratula` FOREIGN KEY (`id_prensa_caratula`) REFERENCES `prensa_caratulas` (`id_prensa_caratula`) ON DELETE CASCADE ON UPDATE NO ACTION;

/*!40101 SET CHARACTER_SET_CLIENT=@OLD_CHARACTER_SET_CLIENT */;
/*!40101 SET CHARACTER_SET_RESULTS=@OLD_CHARACTER_SET_RESULTS */;
/*!40101 SET COLLATION_CONNECTION=@OLD_COLLATION_CONNECTION */;
